"","IFClass","ID","egoGender","egoAge","egoOccupation","egoFamilyStatus","edu","hhsize","hhMember_preschool","hhMember_elementary","hhMember_juniorHigh","hhMember_highSchool","hhMember_18to29","hhMember_30to49","hhMember_50to64","hhMember_over65","hhMember_other","drvlcs","hascar","hasbike","workLocType","workPostalCode","egressModeW","egressTimeW","homeWorkDist_m","income","snNumFamily","snNumWorkSchool","snNumNeighbor","snNumClub","snNumOther","snSize","correctedSnSize","helpAlterList","discussAlterList","q8_1","q8_2","q8_3","q8_4","q9_1","q9_2","q9_3","q9_4","q9_5","q9_6","q9_7","q9_8","q9_9","q9_10","contactAgain","surveyStartTimeStampSec","surveyEndTimeStampSec","surveyDurationMin","mode","homeCity","IFCoef"
"1",1,"SR0160161","Female","35-39","Full time","Married with children","Junior college",3,"Yes","No","No","No","No","Yes","No","No","No","Yes","No","Has own bike","Fixed location out of home",1500013,"Walk",1,4068.23096629234,"4-5 million",1,0,0,0,0,NA,0,NA,NA,"6","6","7","6","7","7","7","7","7","7","7","7","7","7",1,1553571580,1553572066,8.1,"web","Shinagawa",86687.5
"2",1,"SR0300104","Female","45-49","Part time","Married with children","Vocational school",3,"No","Yes","No","No","No","Yes","No","No","No","Yes","Shared with household","Has own bike","Fixed location out of home",1400013,"Walk",5,957.062320976853,"4-5 million",3,3,0,0,0,8,8,"0,1,2,null,null,null,null,null","0,1,2,null,null,null,null,null","3","6","3","5","3","7","3","5","3","3","7","5","4","6",0,1555225031,1555226138,18.45,"web","Shinagawa",86687.5
"3",1,"SR0380688","Female","45-49","Full time","Married with children","Undergraduate",4,"No","No","Yes","Yes","No","Yes","No","No","No","No","No","Shared with household","Fixed location out of home",1930931,"Walk",12,36997.4588723949,"over 12 million",0,0,0,0,5,2,2,"0,1","0,null","5","10","3","6","1","3","3","3","3","3","1","3","10","3",0,1554022903,1554024601,28.3,"web","Shinagawa",86687.5
"4",1,"SR0410749","Female","40-44","Home maker","Married with children","Junior college",4,"Yes","No","No","No","No","Yes","No","No","No","Yes","No","Has own bike",NA,NA,NA,NA,NA,"Under 2 million",15,20,10,0,50,5,5,"0,1,2,3,4","0,1,2,3,4","5","8","5","10","8","8","7","7","6","5","4","5","7","4",1,1554036506,1554037321,13.5833333333333,"web","Shinagawa",86687.5
"5",1,"SR0670951","Female","40-44","Part time","Married with children","Graduate",4,"No","Yes","Yes","No","No","Yes","No","No","No","Yes","No","No","Fixed location out of home",1420062,"Walk",1,654.775202600477,"9-10 million",3,5,8,0,2,3,3,"null,null,null","0,1,2","7","5","8","9","10","10","5","5","5","9","5","2","5","2",1,1553149730,1553150307,9.61666666666667,"web","Shinagawa",86687.5
"6",1,"SR0870559","Female","35-39","Full time","Married with children","Undergraduate",4,"Yes","No","No","No","No","No","No","No","No","Yes","No","Has own bike","Fixed location out of home",1000004,"Walk",10,8749.98094939032,"over 12 million",3,1,1,3,1,7,7,"null,null,null,null,null,5,6","0,1,null,3,4,5,6","8","3","8","10","8","10","8","8","8","10","8","8","8","8",1,1553835545,1553836261,11.9333333333333,"web","Shinagawa",86687.5
"7",1,"SR1110700","Female","30-34","Full time","Married with children","Undergraduate",3,"Yes","No","No","No","No","Yes","No","No","No","No","No","No","Fixed location out of home",1430006,"Walk",3,2771.72962231659,"7-8 million",10,3,4,0,4,20,20,"null,1,2,3,null,null,6,7,8,9,10,null,12,null,14,15,16,17,18,19","null,1,null,3,null,null,null,null,null,null,10,null,null,null,14,15,null,null,null,19","9","8","8","7","4","3","5","5","5","4","3","3","6","5",1,1552204647,1552206842,36.5833333333333,"web","Shinagawa",86687.5
"8",1,"SR1120747","Female","45-49","Full time","Married with children","Vocational school",4,"No","Yes","No","No","No","No","Yes","No","No","Yes","Shared with household","Shared with household","Fixed location out of home",1420063,"Bike",20,2500.97576347957,"over 12 million",2,3,0,2,0,5,5,"null,1,2,null,null","0,null,2,null,null","7","8","9","9","3","8","2","7","2","6","2","3","5","2",1,1554535905,1554536811,15.1,"web","Shinagawa",86687.5
"9",1,"SR1910239","Female","40-44","Home maker","Married with children","Undergraduate",3,"No","Yes","No","No","No","Yes","No","No","No","No","No","Has own bike",NA,NA,NA,NA,NA,"Not disclosed",21,6,5,4,3,28,28,"0,null,null,null,4,null,6,null,8,9,10,11,null,null,null,null,null,null,null,null,null,null,null,null,null,25,26,27","0,1,2,3,4,null,6,null,null,null,10,11,null,null,14,null,null,null,null,null,null,null,null,null,24,25,26,27","7","8","3","7","8","2","0","1","0","0","0","0","0","0",0,1551676321,1551678926,43.4166666666667,"web","Shinagawa",86687.5
"10",1,"SR2570210","Female","35-39","Full time","Married with children","Graduate",5,"Yes","No","No","No","No","Yes","No","No","No","Yes","No","No","Fixed location out of home",1420064,"Walk",3,1484.46881183341,"Not disclosed",0,0,0,0,0,NA,0,NA,NA,"5","10","5","8","5","0","0","1","0","0","0","0","0","0",0,1552203271,1552205822,42.5166666666667,"web","Shinagawa",86687.5
"11",2,"SR0490508","Male","45-49","Full time","Married with children","Graduate",4,"No","Yes","No","Yes","No","Yes","No","No","No","Yes","Has own car","Has own bike","Fixed location out of home",1,"Walk",2,NA,"over 12 million",10,5,0,0,29,3,3,"0,null,null","0,null,null",NA,NA,NA,NA,NA,NA,NA,NA,NA,NA,NA,NA,NA,NA,NA,1555120282,NA,NA,"web","Shinagawa",144479.1667
"12",2,"SR1140325","Male","35-39","Full time","Married with children","Undergraduate",4,"Yes","No","No","No","No","Yes","No","No","No","Yes","No","Shared with household","Fixed location out of home",1500001,"Walk",1,8058.57357343923,"7-8 million",3,1,1,1,1,NA,0,NA,NA,"2","2","4","3","3","7","4","4","5","8","7","6","9","3",1,1551528859,1551529817,15.9666666666667,"web","Shinagawa",144479.1667
"13",2,"SR1210331","Male","40-44","Full time","Married with children","Junior High",3,"Yes","No","No","No","No","No","No","No","No","Yes","No","Has own bike","Fixed location out of home",1430013,"Bus",10,5024.00714827792,"over 12 million",2,1,0,0,1,NA,0,NA,NA,"5","5","3","10","5","9","1","5","5","5","5","5","5","5",1,1553810024,1553810321,4.95,"web","Shinagawa",144479.1667
"14",2,"SR1510693","Male","45-49","Full time","Married with children","High school",4,"No","No","Yes","Yes","No","Yes","No","No","No","Yes","No","Has own bike","Fixed location out of home",1670022,"Walk",3,14456.7384234702,"over 12 million",3,0,0,5,0,11,11,"0,1,2,null,null,null,6,7,null,null,null","null,null,2,null,null,null,6,7,8,9,10","9","10","7","9","8","7","4","7","5","4","3","3","7","3",1,1551580193,1551581722,25.4833333333333,"web","Shinagawa",144479.1667
"15",2,"SR1730755","Male","50-54","Full time","Married with children","Undergraduate",3,"No","Yes","No","No","No","No","Yes","No","No","Yes","Has own car","Has own bike","Fixed location out of home",2118666,"Walk",8,7642.79710637889,"8-9 million",4,0,2,0,0,4,4,"0,1,2,3","0,null,null,null","3","7","2","7","5","7","2","2","2","4","1","1","9","2",1,1553402598,1553403890,21.5333333333333,"web","Shinagawa",144479.1667
"16",2,"SR2550911","Male","50-54","Full time","Married with children","High school",5,"Yes","Yes","No","No","No","Yes","No","No","No","Yes","Has own car","Has own bike","Fixed location out of home",2208755,"Walk",15,18364.866373644,"over 12 million",5,1,3,0,3,9,9,"0,1,2,null,null,null,null,null,null","null,null,null,null,4,5,6,null,null","5","7","2","8","2","8","3","4","3","7","3","2","8","3",1,1551526963,1551528521,25.9666666666667,"web","Shinagawa",144479.1667
"17",3,"SR3440239","Female","30-34","Full time","Married with children","Undergraduate",3,"Yes","No","No","No","No","Yes","No","No","No","Yes","No","No","Fixed location out of home",1718569,"Walk",3,18534.127335376,"Not disclosed",3,0,0,0,0,9,9,"0,1,2,3,null,null,null,null,8","0,1,null,null,null,null,null,null,8","10","0","5","7","5","4","1","6","1","0","0","0","9","5",0,1552121627,1552122520,14.8833333333333,"web","Matsudo",185324
"18",3,"SR4130974","Female","55-59","Full time","Married with children","Undergraduate",4,"No","No","Yes","Yes","No","No","Yes","No","No","Yes","Shared with household","Has own bike","Fixed location out of home",1200001,"Bike",15,10660.5643588055,"over 12 million",0,7,0,0,5,13,13,"0,1,2,null,null,null,null,null,null,null,null,null,null","0,1,2,3,4,null,null,null,null,null,null,null,null","7","8","7","7","7","5","0","5","0","5","2","2","2","2",0,1553412657,1553414176,25.3166666666667,"web","Matsudo",185324
"19",3,"SR4590309","Female","35-39","Home maker","Married with children","Junior college",5,"Yes","No","No","No","No","Yes","No","Yes","No","No","Shared with household","Has own bike",NA,NA,NA,NA,NA,"Not disclosed",6,0,0,0,10,13,13,"null,null,null,null,null,null,null,null,null,null,10,11,12","0,null,null,null,null,null,null,null,null,null,10,null,12","3","6","4","10","5","5","5","5","5","5","5","5","5","5",0,1552711651,1552714737,51.4333333333333,"web","Matsudo",185324
"20",4,"SR3700154","Male","35-39","Full time","Married with children","High school",6,"No","Yes","Yes","Yes","No","Yes","No","No","No","Yes","No","Has own bike","Fixed location out of home",1050014,"Walk",10,25620.2292670019,"7-8 million",5,10,0,0,0,1,0,"null","null","9","10","9","8","5","5","5","5","5","5","5","5","5","5",1,1553911170,1553911724,9.23333333333333,"web","Matsudo",277986
"21",4,"SR3870093","Male","50-54","Full time","Married with children","Undergraduate",4,"No","No","Yes","No","No","No","Yes","No","No","No","Has own car","Has own bike","Fixed location out of home",NA,"Walk",15,NA,"4-5 million",3,0,0,0,0,3,3,"0,1,2","0,1,2","8","7","8","7","5","6","5","5","4","5","5","4","5","5",1,NA,NA,NA,"paper","Matsudo",277986
"22",5,"SR5100531","Female","20-24","Full time","Married with children","High school",3,"Yes","No","No","No","No","Yes","No","No","No","No","Shared with household","Shared with household","Fixed location out of home",1830055,"Walk",3,8626.1323114695,"10-11 million",5,0,0,0,0,5,5,"2,3,4","2,3,4","6","8","7","8","6","8","5","5","5","8","5","5","5","5",1,NA,NA,NA,"paper","Hino",241610.5
"23",5,"SR5310242","Female","40-44","Home maker","Married with children","Undergraduate",4,"No","Yes","No","No","No","Yes","No","No","No","Yes","Shared with household","Has own bike",NA,NA,NA,NA,NA,"9-10 million",3,0,0,0,0,8,8,"null,null,2,null,null,null,6,null","null,null,2,null,null,5,6,null","5","2","3","10","10","5","5","5","5","5","5","5","5","5",1,1555770657,1555772602,32.4166666666667,"web","Hino",241610.5
"24",5,"SR5380774","Female","40-44","Full time","Married with children","Undergraduate",4,"No","Yes","No","Yes","No","No","Yes","No","No","Yes","Shared with household","Shared with household","Fixed location out of home",1920906,"Car",10,1816.42248586846,"3-4 million",3,2,0,4,0,4,4,"null,1,null,null","null,1,null,null","5","8","6","8","4","4","3","4","4","4","4","4","4","4",1,1552912402,1552913159,12.6166666666667,"web","Hino",241610.5
"25",5,"SR5490610","Female","30-34","Part time","Married with children","Undergraduate",6,"Yes","Yes","No","No","No","Yes","Yes","No","No","Yes","Shared with household","Has own bike","Fixed location out of home",1910032,"Walk",10,1753.00844137362,"5-6 million",3,0,1,3,4,10,10,"null,null,null,null,null,null,6,7,null,null","null,null,null,null,null,null,6,7,8,9",NA,NA,NA,NA,NA,NA,NA,NA,NA,NA,NA,NA,NA,NA,NA,1552131894,NA,NA,"web","Hino",241610.5
"26",6,"SR5170899","Male","40-44","Full time","Married with children","High school",4,"No","Yes","No","No","No","Yes","No","No","No","Yes","Shared with household","Has own bike","Fixed location out of home",1060031,"Bus",5,28264.1773490804,"Not disclosed",6,3,0,0,3,7,7,"0,null,null,null,null,5,6","0,null,null,3,null,5,6","8","6","5","5","5","10","5","7","6","10","8","6","10","7",0,1552659079,1552660284,20.0833333333333,"web","Hino",96644.2
"27",6,"SR5210368","Male","45-49","Full time","Married with children","Undergraduate",4,"No","Yes","Yes","No","No","Yes","No","No","No","Yes","Shared with household","Has own bike","Fixed location out of home",1898520,"Walk",7,9931.71235979973,"over 12 million",4,1,1,1,0,3,3,"null,null,2","0,null,2","3","5","3","2","7","3","1","1","1","1","1","1","1","1",0,1551511244,1551511935,11.5166666666667,"web","Hino",96644.2
"28",6,"SR5540195","Male","50-54","Full time","Married with children","Graduate",6,"No","Yes","Yes","No","No","Yes","No","Yes","No","Yes","Shared with household","Has own bike","Fixed location out of home",1640001,"Walk",5,22745.2051553132,"Not disclosed",5,10,5,5,30,8,8,"null,null,null,null,null,null,null,null","null,null,null,null,null,5,6,null","8","7","7","7","8","8","7","7","8","9","7","7","10","9",0,1551584432,1551585464,17.2,"web","Hino",96644.2
"29",6,"SR5970706","Male","40-44","Full time","Married with children","Junior college",5,"Yes","Yes","Yes","No","No","Yes","No","No","No","Yes","Shared with household","Has own bike","Fixed location out of home",1910024,"Car",15,1878.79347309554,"6-7 million",4,0,2,0,5,11,11,"0,null,null,null,4,null,null,null,8,9,null","0,null,null,null,null,null,null,null,8,9,10","3","2","3","5","3","3","3","3","3","3","3","3","3","3",1,1551660978,1551662436,24.3,"web","Hino",96644.2
"30",6,"SR6060530","Male","30-34","Full time","Married with children","Undergraduate",4,"Yes","No","No","No","No","Yes","No","No","No","Yes","Has own car","Has own bike","Fixed location out of home",1008929,"Walk",3,34028.9497879965,"4-5 million",3,2,1,0,5,7,7,"0,1,2,3,4,5,6","0,null,null,3,4,null,null","7","7","5","8","2","7","1","1","1","7","2","0","6","0",1,1552109533,1552110307,12.9,"web","Hino",96644.2
"31",6,"SR6090289","Male","40-44","Full time","Married with children","Graduate",3,"Yes","No","No","No","No","Yes","No","No","No","Yes","Shared with household","Shared with household","Fixed location out of home",1850014,"Walk",15,10381.0767437256,"over 12 million",5,10,0,0,0,6,6,"0,1,2,3,4,5","0,1,null,3,4,null","8","8","5","5","6","9","4","6","4","9","4","5","5","4",1,1551502903,1551503733,13.8333333333333,"web","Hino",96644.2
"32",6,"SR6120239","Male","45-49","Full time","Married with children","Undergraduate",5,"No","Yes","No","Yes","Yes","Yes","No","No","No","Yes","Has own car","Shared with household","Fixed location out of home",1920046,"Walk",2,1969.28266195237,"over 12 million",4,0,2,0,0,3,3,"0,null,null","0,null,null","5","5","5","7","6","5","5","5","5","5","5","5","8","5",0,1554541392,1554542092,11.6666666666667,"web","Hino",96644.2
"33",6,"SR6230542","Male","50-54","Full time","Married with children","Graduate",3,"No","Yes","No","No","No","Yes","No","No","No","No","Shared with household","Shared with household","Fixed location out of home",2050002,"Walk",15,13469.3111838575,"8-9 million",2,2,0,0,0,4,4,"0,null,2,3","0,null,2,3","9","8","9","9","7","8","7","7","7","8","7","7","8","7",1,1551521072,1551521741,11.15,"web","Hino",96644.2
"34",10,"SR6370513","Male","35-39","Full time","Married with children","Undergraduate",5,"Yes","Yes","No","No","No","Yes","No","No","No","Yes","Has own car","Has own bike","Fixed location out of home",2580123,"Car",3,12054.2505340991,"10-11 million",5,2,2,2,1,4,4,"0,null,2,3","0,null,2,3","7","7","7","7","5","5","3","3","3","3","3","3","3","3",1,1551691115,1551692193,17.9666666666667,"web","Odawara",96644.2
"35",10,"SR6590451","Male","40-44","Full time","Married with children","Vocational school",3,"No","Yes","No","No","No","Yes","No","No","No","Yes","Shared with household","Has own bike","Fixed location out of home",2580022,"Walk",20,5928.11831607062,"7-8 million",2,0,0,0,0,NA,0,NA,NA,"1","4","0","1","9","9","2","3","3","3","1","1","1","1",1,1551877628,1551878511,14.7166666666667,"web","Odawara",96644.2
"36",13,"SR0030748","Female","30-34","Full time","Married, no children","Undergraduate",1,"No","No","No","No","No","No","No","No","No","No","No","No","Fixed location out of home",1070052,"Walk",1,6172.15071756321,"over 12 million",1,6,10,0,0,23,23,"0,null,2,3,4,5,null,null,null,9,10,null,null,null,14,null,16,null,null,null,null,null,22","0,null,2,3,4,5,null,null,null,9,10,11,12,null,14,15,16,17,18,19,null,21,22","8","6","7","7","2","8","2","3","2","8","3","6","8","7",1,1554627845,1554629514,27.8166666666667,"web","Shinagawa",154112.5
"37",13,"SR0150484","Female","50-54","Full time","Married with children","Undergraduate",3,"No","No","No","No","Yes","No","Yes","No","No","No","Shared with household","Has own bike","Fixed location out of home",NA,"Walk",1,NA,"11-12 million",5,10,5,5,5,5,5,"1,2,3,4","1,2,3,4","5","6","5","5","7","8","7","7","7","7","7","7","7","7",1,NA,NA,NA,"paper","Shinagawa",154112.5
"38",13,"SR0290372","Female","30-34","Full time","Married, no children","Graduate",2,"No","No","No","No","No","Yes","No","No","No","Yes","No","Has own bike","Fixed location out of home",1080075,"Walk",10,4136.83385413815,"over 12 million",8,0,0,0,4,11,11,"0,1,2,3,4,null,null,null,null,null,null","0,1,2,3,4,null,null,null,null,null,null","6","9","3","9","5","5","4","4","4","3","3","3","5","3",1,1552354198,1552356016,30.3,"web","Shinagawa",154112.5
"39",13,"SR0620937","Female","20-24","Student","Single","Techical college",5,"No","No","No","No","No","No","Yes","Yes","No","No","Shared with household","Shared with household",NA,2430034,"Bike",25,40966.8665992484,"Not disclosed",5,8,2,9,5,24,24,"0,1,2,3,null,null,null,null,null,null,null,null,null,null,null,null,null,null,null,null,null,null,null,null","0,1,null,null,null,null,null,null,null,null,null,null,null,null,null,null,null,null,null,null,null,null,null,23","7","5","7","10","3","7","4","4","6","7","4","7","6","3",1,1553313108,1553316418,55.1666666666667,"web","Shinagawa",154112.5
"40",13,"SR0640906","Female","20-24","Student","Single","High school",3,"No","No","No","No","No","Yes","No","Yes","No","Yes","No","No",NA,1600023,"Walk",10,8338.96484171837,"Under 2 million",2,5,2,1,10,27,27,"0,1,2,null,null,null,6,null,null,null,null,null,null,null,null,null,null,null,null,null,null,null,null,null,null,null,26","0,1,2,null,4,5,6,7,null,null,null,null,null,null,null,null,null,null,null,null,null,null,null,null,null,null,26","3","4","5","8","5","9","7","5","7","7","7","7","7","5",0,1552643508,1552644896,23.1333333333333,"web","Shinagawa",154112.5
"41",13,"SR0940446","Female","40-44","Part time","Married, no children","Undergraduate",2,"No","No","No","No","No","Yes","No","No","No","Yes","No","Has own bike","Fixed location out of home",1050003,"Walk",1,6511.61857188608,"6-7 million",5,3,0,0,3,52,52,"0,1,null,3,4,5,6,null,null,null,null,null,null,null,null,null,null,null,null,null,null,null,null,null,null,null,null,27,null,null,null,null,null,null,null,null,null,null,null,null,null,null,null,null,null,null,null,47,null,null,null,null","0,1,2,3,4,5,6,7,8,null,null,null,12,13,14,null,null,null,null,null,null,null,null,null,null,null,26,27,28,29,30,31,32,33,null,null,null,null,38,null,null,41,null,null,null,null,null,47,null,null,null,null","7","9","6","8","8","8","5","5","5","7","4","2","5","2",1,1553245984,1553250332,72.4666666666667,"web","Shinagawa",154112.5
"42",13,"SR1050137","Female","20-24","Student","Single","High school",3,"No","No","No","Yes","No","No","Yes","No","No","Yes","Shared with household","Shared with household",NA,1718501,"Walk",10,13618.7508435329,"Not disclosed",0,3,0,15,4,15,15,"0,1,2,null,null,null,null,null,null,null,null,null,null,null,null","0,1,2,null,null,null,null,null,null,null,null,null,12,13,null","6","3","3","7","4","5","4","4","4","5","5","5","5","5",1,1553733399,1553735170,29.5166666666667,"web","Shinagawa",154112.5
"43",13,"SR1490867","Female","40-44","Other","Single","High school",8,"No","No","No","No","Yes","Yes","Yes","Yes","No","No","No","Has own bike","Fixed location out of home",1440042,"Bus",30,7429.98850949242,"Not disclosed",1,1,1,2,15,28,28,"0,4,8,12,15,16,20,21","0,4,8,12,15,16,20,21","5","4","3","5","5","5","5","5","5","5","5","5","5","5",1,NA,NA,NA,"paper","Shinagawa",154112.5
"44",13,"SR1620962","Female","45-49","Full time","Divorced","Vocational school",1,"No","No","No","No","No","No","No","No","No","Yes","No","No","Fixed location out of home",1400002,"Walk",5,4893.24200905104,"4-5 million",0,0,0,0,4,5,5,"0,null,null,null,4","0,null,null,3,4","3","8","5","5","0","5","0","0","0","0","0","0","5","0",1,1552122593,1552123874,21.35,"web","Shinagawa",154112.5
"45",13,"SR1740033","Female","30-34","Home maker","Married, no children","Undergraduate",2,"No","No","No","No","No","Yes","No","No","No","Yes","No","Shared with household",NA,NA,NA,NA,NA,"7-8 million",6,0,0,0,0,7,7,"0,null,2,null,null,null,null","0,null,2,null,null,null,null","6","5","7","7","5","5","5","5","5","5","5","5","5","5",0,1552286060,1552286994,15.5666666666667,"web","Shinagawa",154112.5
"46",13,"SR1750399","Female","40-44","Full time","Single","Undergraduate",3,"No","No","No","No","No","No","Yes","Yes","No","Yes","Shared with household","Shared with household","Fixed location out of home",1410031,"Walk",10,2671.80065294801,"over 12 million",1,0,0,0,2,2,2,"0,1","0,1","5","3","0","8","5","7","3","3","3","5","0","0","2","0",0,1552800845,1552801406,9.35,"web","Shinagawa",154112.5
"47",13,"SR1800269","Female","30-34","Full time","Single","Undergraduate",1,"No","No","No","No","No","No","No","No","No","Yes","No","Has own bike","Fixed location out of home",1400002,"Walk",17,1775.52899530859,"5-6 million",3,0,0,0,3,31,31,"0,1,2,3,4,5,null,null,null,null,null,null,null,null,null,null,null,null,null,null,null,null,null,null,null,25,26,null,28,null,null","0,1,2,3,4,5,null,null,null,null,null,null,null,null,null,null,null,null,null,null,null,null,null,23,null,25,26,27,28,29,30","5","5","7","10","6","8","7","7","7","9","7","7","8","7",1,1552824782,1552828648,64.4333333333333,"web","Shinagawa",154112.5
"48",13,"SR1890181","Female","55-59","Full time","Single","Junior college",1,"No","No","No","No","No","No","No","No","No","Yes","No","Has own bike","Fixed location out of home",1050004,"Walk",3,4585.81678883071,"11-12 million",5,10,0,0,10,29,29,"0,1,2,3,4,5,null,null,null,null,10,null,null,null,null,null,16,null,null,null,null,null,null,null,null,null,null,null,null","0,null,2,3,null,null,null,null,null,null,10,null,null,null,null,null,16,null,null,null,null,null,null,null,null,null,null,null,null","5","5","8","9","5","8","2","4","3","8","4","4","7","1",0,1551753748,1551756390,44.0333333333333,"web","Shinagawa",154112.5
"49",13,"SR1980783","Female","20-24","Student","Single","Undergraduate",3,"No","No","No","No","No","No","Yes","No","No","Yes","Shared with household","Shared with household",NA,1080071,"Bus",10,3039.81221034576,"Not disclosed",2,4,0,10,2,3,3,"null,1,2","0,1,2","4","3","6","2","2","8","3","3","1","7","0","3","9","0",1,1554027865,1554028401,8.93333333333333,"web","Shinagawa",154112.5
"50",13,"SR2010366","Female","25-29","Home maker","Married, no children","Undergraduate",2,"No","No","No","No","Yes","No","No","No","No","Yes","No","No",NA,NA,NA,NA,NA,"6-7 million",1,0,0,0,3,2,2,"0,1","0,1","3","10","4","9","4","9","0","2","1","9","5","6","10","5",1,1551511287,1551511891,10.0666666666667,"web","Shinagawa",154112.5
"51",13,"SR2060098","Female","50-54","Part time","Married with children","High school",4,"No","No","No","No","Yes","No","No","Yes","No","Yes","No","Shared with household","Fixed location out of home",1450064,"Walk",1,2103.95396771711,"3-4 million",1,3,1,0,0,2,2,"0,null","null,1","10","8","9","9","2","5","7","3","5","9","3","4","10","6",0,1552558254,1552559186,15.5333333333333,"web","Shinagawa",154112.5
"52",13,"SR2100503","Female","40-44","Full time","Single","Vocational school",2,"No","No","No","No","No","Yes","No","No","No","Yes","No","No","Fixed location out of home",1350061,"Walk",3,8267.87344672964,"4-5 million",1,0,0,0,3,3,3,"0,1,2","0,1,2","1","5","1","1","0","1","1","1","1","1","1","1","1","1",1,1552432968,1552433953,16.4166666666667,"web","Shinagawa",154112.5
"53",13,"SR2110492","Female","50-54","Part time","Married with children","Junior college",3,"No","No","No","No","Yes","No","No","No","No","No","No","Shared with household","Work at home",NA,NA,NA,NA,"2-3 million",3,1,0,0,3,8,8,"null,1,null,null,null,null,null,null","null,1,null,null,null,null,null,null","2","4","5","5","1","2","1","1","1","3","1","0","0","1",0,1552086017,1552088402,39.75,"web","Shinagawa",154112.5
"54",13,"SR2560114","Female","40-44","Part time","Married, no children","Junior college",1,"No","No","No","No","No","No","No","No","No","Yes","No","Has own bike","Fixed location out of home",1050022,"Walk",10,6028.899391359,"6-7 million",1,0,0,0,4,3,3,"null,1,2","null,1,2","3","5","4","5","4","8","2","6","2","8","2","2","9","2",0,1551579937,1551580805,14.4666666666667,"web","Shinagawa",154112.5
"55",13,"SR9020593","Female","60-64","Other","Married with children","Vocational school",3,"No","No","No","No","No","Yes","No","Yes","No","No","No","Has own bike",NA,NA,NA,NA,NA,"Not disclosed",2,2,3,5,6,7,7,"null,null,2,null,4,null,null","null,1,null,3,null,null,6","10","8","9","9","8","8","7","7","7","6","8","9","8","6",0,1554701336,1554702806,24.5,"web","Shinagawa",154112.5
"56",13,"SR9270348","Female","60-64","Part time","Married with children","Junior college",3,"No","No","No","No","Yes","No","No","Yes","No","Yes","Shared with household","Has own bike","Fixed location out of home",1420053,"Bike",30,2713.88346517704,"Under 2 million",2,14,1,0,2,19,19,"0,1,4,6,14","0,1,4,6,8","8","7","5","9","3","4","4","4","4","4","4","4","4","4",1,NA,NA,NA,"paper","Shinagawa",154112.5
"57",13,"SR9430095","Female","over 65","Home maker","Married with children","High school",1,"No","No","No","No","No","No","No","No","No","Yes","No","No",NA,NA,NA,NA,NA,"5-6 million",13,0,6,15,14,29,29,"null,null,null,null,null,null,null,null,null,null,null,null,null,null,null,null,null,null,null,null,null,null,null,23,24,25,null,27,null","null,null,null,null,null,null,null,null,null,null,null,null,null,null,null,null,null,null,null,null,null,null,null,23,24,25,26,27,28","3","5","6","3","3","5","4","4","5","6","6","6","7","5",0,1553884501,1553889090,76.4833333333333,"web","Shinagawa",154112.5
"58",13,"SR9460867","Female","over 65","Unemployed/retired","Widowed","Junior college",1,"No","No","No","No","No","No","No","No","No","No","No","Shared with household","Work at home",1400011,NA,NA,282.956137005754,"Under 2 million",1,0,0,1,0,4,4,"0,2","0,2,3","9","10","9","8","5","5","2","2","1","1","0","0","3","1",1,NA,NA,NA,"paper","Shinagawa",154112.5
"59",13,"SR9480131","Female","over 65","Home maker","Married with children","High school",3,"No","No","No","No","No","Yes","No","Yes","No","No","Shared with household","Shared with household","Work at home",1420064,"Walk",3,295.08037797651,"4-5 million",3,0,1,1,2,9,9,"0,1,2,7","0,1,2,4,5,6,7,8","7","8","9","10","4","6","4","5","6","7","5","7","7","2",1,NA,NA,NA,"paper","Shinagawa",154112.5
"60",13,"SR9680142","Female","over 65","Home maker","Married with children","High school",3,"No","No","No","No","No","Yes","No","Yes","No","Yes","No","Shared with household",NA,NA,NA,NA,NA,"Under 2 million",6,0,5,14,5,31,31,"0,1,12,15,16,17,18,26,27,28,29","0,1,2,4,9,15,16,17,18,26,27,28,29","7","3","8","9","8","8","9","9","10","10","9","9","10","9",0,NA,NA,NA,"paper","Shinagawa",154112.5
"61",13,"SR9760246","Female","over 65","Home maker","Married with children","Junior college",3,"No","No","No","No","No","No","Yes","No","No","No","Shared with household","Shared with household",NA,NA,NA,NA,NA,"10-11 million",8,10,0,0,25,24,24,"2,6,7,8,9,10,11,17,18,19,20,21,22,23","2,3,6,7,8,9,10,11,17,18,19,20,21,22,23","9","9","9","8","5","8","5","5","5","8","5","5","5","5",1,NA,NA,NA,"paper","Shinagawa",154112.5
"62",13,"SR9770550","Female","over 65","Home maker","Married with children","High school",2,"No","No","No","No","No","No","No","Yes","No","Yes","Shared with household","Has own bike",NA,NA,NA,NA,NA,"3-4 million",4,0,4,0,1,10,10,"-999","-999","8","5","8","8","7","10","6","6","6","10","6","6","6","6",0,NA,NA,NA,"paper","Shinagawa",154112.5
"63",13,"SR9870211","Female","over 65","Other","Single","Undergraduate",1,"No","No","No","No","No","No","No","No","No","Yes","No","No","Work at home",1410032,"Walk",5,404.447735647,"6-7 million",6,3,10,5,1,19,19,"0,1,2,3,4,5,6,15,16,17,18","0,1,2,3,4,5,6,15,16,17,18","4","5","4","9","5","1","2","2","2","1","1","1","2","1",1,NA,NA,NA,"paper","Shinagawa",154112.5
"64",13,"SR9900734","Female","over 65","Student","Married with children","Undergraduate",2,"No","No","No","No","No","No","No","Yes","No","No","No","Shared with household",NA,NA,NA,NA,NA,"4-5 million",4,1,0,1,7,9,9,"5,8","5,6,7,8","3","7","4","8","8","9","6","6","7","9","8","8","8","8",0,NA,NA,NA,"paper","Shinagawa",154112.5
"65",13,"SR9940449","Female","over 65","Home maker","Married with children","Junior college",2,"No","No","No","No","No","No","No","Yes","No","Yes","No","Has own bike",NA,NA,NA,NA,NA,"5-6 million",4,0,4,20,0,8,8,"4,5,6,7","4,5","5","8","7","4","6","7","4","4","3","6","3","3","5","3",0,NA,NA,NA,"paper","Shinagawa",154112.5
"66",14,"SR0000876","Male","30-34","Full time","Divorced","Vocational school",2,"No","No","No","No","No","No","No","Yes","No","Yes","No","Has own bike","Work at home",NA,NA,NA,NA,"6-7 million",2,1,22,0,35,22,22,"0,null,null,null,null,null,6,null,null,null,null,null,null,null,null,15,null,null,18,null,null,null","null,null,null,null,4,null,6,7,null,null,10,11,null,null,null,15,null,null,18,19,null,21","4","6","6","10","8","5","3","4","1","6","2","6","2","0",0,1551576607,1551579760,52.55,"web","Shinagawa",139305.7188
"67",14,"SR0250706","Male","35-39","Full time","Single","Undergraduate",1,"No","No","No","No","No","No","No","No","No","Yes","No","No","Fixed location out of home",1400003,"Bus",20,2224.36067997998,"7-8 million",0,0,0,0,0,NA,0,NA,NA,"8","7","8","7","4","6","4","4","4","6","4","4","6","4",0,1551581703,1551581991,4.8,"web","Shinagawa",139305.7188
"68",14,"SR0330212","Male","35-39","Full time","Married, no children","Undergraduate",1,"No","No","No","No","No","No","No","No","No","Yes","No","No","Fixed location out of home",1010062,"Walk",5,11581.5953520971,"6-7 million",3,10,5,0,5,15,15,"0,1,2,null,4,5,null,null,null,null,null,11,12,13,14","0,null,null,null,null,null,null,null,null,null,null,11,12,13,14",NA,NA,NA,NA,NA,NA,NA,NA,NA,NA,NA,NA,NA,NA,NA,1552111934,NA,NA,"web","Shinagawa",139305.7188
"69",14,"SR0430295","Male","50-54","Full time","Married with children","Undergraduate",4,"No","No","No","No","Yes","No","Yes","No","No","Yes","No","Has own bike","Fixed location out of home",2430014,"Walk",12,38377.1004557173,"over 12 million",2,3,0,4,1,6,6,"null,null,null,null,null,null","0,null,null,null,null,null","8","9","9","10","8","7","7","7","5","5","4","4","9","4",1,1551613277,1551614933,27.6,"web","Shinagawa",139305.7188
"70",14,"SR0680060","Male","30-34","Full time","Divorced","Undergraduate",3,"No","No","No","No","No","No","Yes","No","No","Yes","Has own car","Shared with household","Variable locations",NA,NA,NA,NA,"10-11 million",2,6,2,11,5,27,27,"0,1,2,3,null,null,6,null,null,null,null,null,null,null,null,null,null,null,null,null,null,null,null,null,null,null,null","0,1,2,3,null,null,6,null,null,null,null,null,null,null,null,null,null,null,null,null,null,null,null,null,null,null,null",NA,NA,NA,NA,NA,NA,NA,NA,NA,NA,NA,NA,NA,NA,NA,1551690238,NA,NA,"web","Shinagawa",139305.7188
"71",14,"SR0710918","Male","40-44","Full time","Single","Graduate",1,"No","No","No","No","No","No","No","No","No","No","No","Has own bike","Fixed location out of home",1828522,"Bus",10,14670.4471191301,"Not disclosed",0,0,0,0,0,NA,0,NA,NA,"8","6","7","10","5","5","5","5","5","5","5","5","5","5",1,1554040024,1554040772,12.4666666666667,"web","Shinagawa",139305.7188
"72",14,"SR0750885","Male","25-29","Full time","In a relationship","Graduate",2,"No","No","No","No","Yes","No","No","No","No","Yes","No","No","Fixed location out of home",1000004,"Walk",10,9641.96357847561,"6-7 million",5,4,0,10,5,7,7,"0,1,2,3,4,5,6","0,1,2,3,4,5,6","5","5","5","5","6","6","6","6","6","6","6","6","6","6",0,1552186507,1552187196,11.4833333333333,"web","Shinagawa",139305.7188
"73",14,"SR1060798","Male","20-24","Student","Single","High school",1,"No","No","No","No","No","No","No","No","No","Yes","No","Has own bike",NA,1528550,"Walk",1,2367.75422097236,"Under 2 million",0,1,0,1,1,16,16,"0,1,null,null,4,null,6,null,null,null,null,null,null,null,null,15","0,null,null,null,null,null,null,null,null,null,null,null,null,null,null,15","2","5","8","7","8","8","8","8","8","8","9","9","9","9",1,1551536719,1551538137,23.6333333333333,"web","Shinagawa",139305.7188
"74",14,"SR1190096","Male","50-54","Full time","Single","Undergraduate",1,"No","No","No","No","No","No","No","No","No","Yes","No","Has own bike","Fixed location out of home",1400014,"Walk",15,1425.28944818705,"7-8 million",0,0,0,0,0,NA,0,NA,NA,"2","3","5","0","5","0","0","1","0","0","0","0","0","0",1,1552101909,1552102428,8.65,"web","Shinagawa",139305.7188
"75",14,"SR1240219","Male","50-54","Full time","Married with children","High school",4,"No","No","No","Yes","Yes","No","Yes","No","No","No","No","Shared with household","Fixed location out of home",1010044,"Walk",5,8469.4043614598,"6-7 million",3,0,0,0,10,14,14,"0,1,2,null,4,5,null,null,null,null,null,null,null,null","0,1,2,null,4,5,null,null,null,null,null,null,null,null","5","6","2","8","4","3","3","3","3","3","3","3","3","3",0,1552788217,1552789978,29.35,"web","Shinagawa",139305.7188
"76",14,"SR1260452","Male","55-59","Full time","Divorced","Vocational school",3,"No","No","No","No","No","No","Yes","Yes","No","No","Shared with household","Shared with household","Fixed location out of home",2790031,"Bus",10,14801.4516750098,"3-4 million",3,5,1,0,2,10,10,"1,8","1,7,8","5","5","7","8","7","9","4","7","3","8","6","8","9","8",1,NA,NA,NA,"paper","Shinagawa",139305.7188
"77",14,"SR1370869","Male","20-24","Full time","Single","Undergraduate",3,"No","No","No","No","No","No","Yes","Yes","No","Yes","No","No","Fixed location out of home",1080074,"Walk",2,1958.17343096187,"5-6 million",2,1,0,0,4,17,17,"0,1,null,null,null,null,null,null,null,null,null,null,null,null,null,null,null","null,null,null,null,4,null,null,7,8,null,10,null,null,null,null,null,null","7","8","7","9","5","8","6","5","5","6","3","3","8","5",1,1551596167,1551600101,65.5666666666667,"web","Shinagawa",139305.7188
"78",14,"SR1410105","Male","30-34","Full time","Married, no children","Undergraduate",2,"No","No","No","No","No","Yes","No","No","No","Yes","No","Has own bike","Fixed location out of home",1410031,"Walk",15,1362.73909935855,"over 12 million",1,10,0,0,5,7,7,"0,null,null,3,4,5,null","0,null,null,3,4,5,6","5","7","3","7","6","8","5","6","5","6","5","5","7","5",1,1551624071,1551625032,16.0166666666667,"web","Shinagawa",139305.7188
"79",14,"SR1640124","Male","55-59","Full time","Married, no children","High school",2,"No","No","No","No","No","No","Yes","No","No","Yes","No","Has own bike","Work at home",NA,NA,NA,NA,"6-7 million",3,1,1,1,5,7,7,"0,1,2,3,4,5,6","0,1,2,3,4,5,6",NA,NA,NA,NA,NA,NA,NA,NA,NA,NA,NA,NA,NA,NA,NA,1554863521,NA,NA,"web","Shinagawa",139305.7188
"80",14,"SR1680449","Male","25-29","Full time","Single","Undergraduate",1,"No","No","No","No","No","No","No","No","No","Yes","No","No","Fixed location out of home",1040032,"Walk",15,8150.68534225783,"2-3 million",0,1,0,4,5,9,9,"null,null,null,null,null,null,null,null,null","0,null,null,null,null,null,6,7,null","6","4","7","9","2","7","1","1","1","7","7","5","8","3",1,1551866029,1551866854,13.75,"web","Shinagawa",139305.7188
"81",14,"SR1690083","Male","45-49","Full time","Single","High school",1,"No","No","No","No","No","No","No","No","No","No","No","No","Fixed location out of home",1350091,"Car",20,4131.17352886932,"2-3 million",0,1,0,0,1,2,2,"0,1","0,null","7","7","7","9","3","7","3","5","4","6","6","6","6","6",1,1551580083,1551580711,10.4666666666667,"web","Shinagawa",139305.7188
"82",14,"SR1710389","Male","35-39","Full time","Single","Undergraduate",2,"No","No","No","No","No","Yes","No","No","No","Yes","No","Shared with household","Fixed location out of home",1600023,"Walk",4,10697.6675592867,"7-8 million",0,0,0,0,10,15,15,"null,null,null,null,null,null,null,null,null,null,10,null,null,13,14","null,null,2,3,null,null,null,null,null,null,10,null,null,13,14","6","6","6","5","6","7","4","5","4","5","5","5","9","5",1,1552885245,1552887561,38.6,"web","Shinagawa",139305.7188
"83",14,"SR1900226","Male","40-44","Full time","Married, no children","High school",2,"No","No","No","No","No","Yes","No","No","No","Yes","No","Shared with household","Fixed location out of home",1008794,"Walk",8,7205.06265768199,"11-12 million",3,10,0,0,2,6,6,"0,1,2,3,4,5","0,1,2,3,4,5","6","6","4","8","4","8","3","3","4","8","3","4","6","3",1,1551949450,1551951039,26.4833333333333,"web","Shinagawa",139305.7188
"84",14,"SR1930415","Male","45-49","Full time","Divorced","Undergraduate",1,"No","No","No","No","No","No","No","No","No","Yes","No","Has own bike","Fixed location out of home",1631333,"Walk",7,7236.61332040503,"over 12 million",10,10,5,50,10,27,27,NA,NA,NA,NA,NA,NA,NA,NA,NA,NA,NA,NA,NA,NA,NA,NA,NA,1553165103,NA,NA,"web","Shinagawa",139305.7188
"85",14,"SR2070073","Male","25-29","Full time","Single","Undergraduate",1,"No","No","No","No","No","No","No","No","No","Yes","No","No","Fixed location out of home",1500022,"Walk",1,4012.18037955587,"8-9 million",0,3,0,0,8,10,10,"null,null,2,3,null,null,6,7,8,null","0,null,2,null,null,null,6,7,8,9","8","6","7","8","5","6","5","4","4","3","6","7","5","5",1,1552872600,1552873817,20.2833333333333,"web","Shinagawa",139305.7188
"86",14,"SR2120968","Male","55-59","Full time","Married with children","Undergraduate",4,"No","No","No","Yes","Yes","No","Yes","No","No","Yes","No","Shared with household","Fixed location out of home",1060047,"Walk",7,3656.05560347843,"over 12 million",3,1,0,0,1,4,4,"null,1,null,3","null,1,null,3","5","5","7","8","3","6","5","6","6","6","6","6","6","6",1,1552642825,1552643628,13.3833333333333,"web","Shinagawa",139305.7188
"87",14,"SR2370703","Male","25-29","Full time","In a relationship","Undergraduate",2,"No","No","No","No","Yes","No","No","No","No","Yes","No","Shared with household","Fixed location out of home",1000005,"Walk",5,10188.5382400932,"6-7 million",1,0,0,0,6,8,8,"0,null,null,null,null,null,6,7","0,null,null,null,null,null,6,7","3","5","3","8","4","5","5","3","3","5","2","2","6","2",1,1552482136,1552482938,13.3666666666667,"web","Shinagawa",139305.7188
"88",14,"SR2530314","Male","55-59","Full time","Married with children","Graduate",4,"No","No","No","Yes","Yes","No","Yes","No","No","No","Shared with household","Shared with household","Fixed location out of home",1030027,"Walk",15,8682.41076889958,"over 12 million",3,7,4,8,0,15,15,"11,12,13,14","0,1,2,11,12,13,14",NA,NA,NA,NA,NA,NA,NA,NA,NA,NA,NA,NA,NA,NA,0,NA,NA,NA,"paper","Shinagawa",139305.7188
"89",14,"SR9010258","Male","60-64","Full time","Single","Undergraduate",1,"No","No","No","No","No","No","No","No","No","Yes","Has own car","Has own bike","Fixed location out of home",1510053,"Walk",7,8649.07188347081,"7-8 million",3,2,0,0,7,13,13,"null,1,2,null,null,null,null,null,null,9,10,11,null","0,1,2,null,null,null,null,null,8,9,10,11,12","7","7","5","8","6","6","7","7","7","6","6","7","6","7",1,1551516565,1551517888,22.05,"web","Shinagawa",139305.7188
"90",14,"SR9050735","Male","over 65","Other","Married with children","Junior High",2,"No","No","No","No","No","No","No","Yes","No","Yes","No","Shared with household","Variable locations",NA,NA,0,NA,"Under 2 million",1,0,5,10,0,7,7,"0,2,3","2","5","5","3","4","7","8","7","8","7","7","6","7","8","8",0,NA,NA,NA,"paper","Shinagawa",139305.7188
"91",14,"SR9200558","Male","over 65","Other","Married with children","Graduate",2,"No","No","No","No","No","No","No","Yes","No","Yes","No","Has own bike",NA,NA,NA,NA,NA,"7-8 million",5,0,0,0,0,7,7,"null,null,null,null,null,null,null","null,null,null,null,null,null,null","5","9","2","1","0","5","0","0","0","0","0","0","0","0",0,1555063627,1555064846,20.3166666666667,"web","Shinagawa",139305.7188
"92",14,"SR9370571","Male","over 65","Part time","Married with children","High school",2,"No","No","No","No","No","No","No","Yes","No","No","No","Has own bike","Fixed location out of home",1350053,"Walk",15,6714.00983536178,"4-5 million",8,2,3,10,6,11,11,NA,NA,"5","6","8","7","5","5","3","3","4","4","3","2","5","3",1,NA,NA,NA,"paper","Shinagawa",139305.7188
"93",14,"SR9670609","Male","over 65","Full time","Married with children","Undergraduate",3,"No","No","No","No","No","Yes","No","Yes","No","No","Has own car","Has own bike","Fixed location out of home",1420063,"Bike",10,1003.33980426259,"6-7 million",1,0,0,2,0,3,3,"0,1","0","7","3","1","8","8","1","3","8","6","2","5","5","8","9",0,NA,NA,NA,"paper","Shinagawa",139305.7188
"94",14,"SR9720286","Male","over 65","Other","Married with children","Undergraduate",2,"No","No","No","No","No","No","No","No","No",NA,NA,NA,NA,NA,NA,NA,NA,"Not disclosed",1,5,4,0,5,5,5,"0","0","5","5","5","5","6","8","5","5","5","8","5","5","8","5",0,NA,NA,NA,"paper","Shinagawa",139305.7188
"95",14,"SR9820520","Male","60-64","Unemployed/retired","Single","High school",2,"No","No","No","No","No","No","No","Yes","No","No","No","No",NA,NA,NA,NA,NA,"Not disclosed",2,0,8,8,0,2,2,"0,1","0,1","7","6","7","6","6","8","6","8","3","6","6","6","6","3",0,NA,NA,NA,"paper","Shinagawa",139305.7188
"96",14,"SR9840489","Male","60-64","Unemployed/retired","Single","Undergraduate",2,"No","No","No","No","No","No","No","Yes","No","Yes","No","No",NA,NA,NA,NA,NA,"Under 2 million",1,0,0,0,0,1,1,"0","0","7","7","5","5","5","5","5","5","5","5","5","5","5","5",0,NA,NA,NA,"paper","Shinagawa",139305.7188
"97",14,"SR9850487","Male","25-29","Full time","Single","Undergraduate",1,"No","No","No","No","No","No","No","No","No","Yes","No","No","Fixed location out of home",1076090,"Bus",7,3959.72524355006,"6-7 million",0,1,0,0,1,2,2,"null,1","0,null","7","3","8","8","3","3","3","3","3","3","3","3","3","3",1,1552631189,1552631637,7.46666666666667,"web","Shinagawa",139305.7188
"98",15,"SR3410887","Female","20-24","Part time","Single","Undergraduate",4,"No","No","No","No","Yes","No","Yes","No","No","No","No","Shared with household","Fixed location out of home",2740063,"Walk",3,12689.3627942108,"Under 2 million",4,20,10,10,10,10,10,"null,null,null,null,null,null,null,null,null,9","0,null,null,null,null,null,null,null,null,null","1","7","6","6","6","6","5","5","6","6","6","6","6","6",1,1554617483,1554619090,26.7833333333333,"web","Matsudo",164055.375
"99",15,"SR3420105","Female","45-49","Unemployed/retired","Single","High school",1,"No","No","No","No","No","No","No","No","No","Yes","No","No",NA,NA,NA,NA,NA,"Under 2 million",0,0,0,0,3,8,8,"0,1,2,null,null,5,6,null","0,1,2,null,null,5,6,null","8","8","8","8","5","3","5","5","3","3","1","1","3","1",1,1551725982,1551727004,17.0333333333333,"web","Matsudo",164055.375
"100",15,"SR3950450","Female","25-29","Full time","In a relationship","Undergraduate",2,"No","No","No","No","No","No","No","No","No","No","No","No","Fixed location out of home",2700034,"Walk",10,253.438781659512,"2-3 million",10,15,0,0,12,5,5,"0,1,2,3,4","null,null,2,null,4","5","5","5","5","5","7","2","1","0","0","0","0","0","0",1,1551746475,1551747578,18.3833333333333,"web","Matsudo",164055.375
"101",15,"SR3980839","Female","35-39","Full time","Married, no children","Junior college",2,"No","No","No","No","No","No","Yes","No","No","Yes","Has own car","Has own bike","Fixed location out of home",2150023,"Walk",5,45435.718889819,"5-6 million",4,1,0,3,3,33,33,"0,1,2,3,null,null,null,null,null,null,null,null,null,null,null,null,null,null,null,null,null,null,null,23,24,25,null,null,null,null,null,null,null","0,null,null,null,null,null,null,null,null,null,null,null,null,null,null,null,null,null,null,null,null,null,null,23,24,25,null,null,null,29,30,null,null","3","5","7","6","7","3","2","2","2","2","3","3","3","3",0,1551865581,1551869417,63.9333333333333,"web","Matsudo",164055.375
"102",15,"SR4070277","Female","30-34","Part time","Married, no children","Undergraduate",1,"No","No","No","No","No","No","No","No","No","Yes","No","Has own bike","Fixed location out of home",2702216,"Bus",20,2763.88798425968,"5-6 million",6,1,0,0,3,7,7,"0,null,null,null,null,null,null","0,null,null,null,null,5,6","5","8","7","8","6","6","5","5","4","4","3","3","5","3",1,1551926237,1551927670,23.8833333333333,"web","Matsudo",164055.375
"103",15,"SR4090865","Female","45-49","Other","Divorced","Junior High",2,"No","No","No","No","Yes","No","No","No","No","No","Has own car","Has own bike",NA,NA,NA,NA,NA,"3-4 million",0,0,0,0,0,0,0,NA,NA,"3","7","3","8","3","3","2","2","0","2","0","0","3","0",1,NA,NA,NA,"paper","Matsudo",164055.375
"104",15,"SR4120891","Female","20-24","Student","In a relationship","Undergraduate",5,"No","No","No","Yes","No","No","Yes","Yes","No","No","Shared with household","Has own bike",NA,1200045,"Walk",20,16272.2551790487,"Under 2 million",6,3,1,0,1,2,2,"0,null","0,null","0","1","2","9","5","7","2","2","2","2","1","1","2","2",1,1554641159,1554641695,8.93333333333333,"web","Matsudo",164055.375
"105",15,"SR4150538","Female","30-34","Full time","Single","Undergraduate",1,"No","No","No","No","No","No","No","No","No","Yes","No","No","Fixed location out of home",1040061,"Car",80,22246.4303288238,"4-5 million",0,3,0,0,10,21,21,"0,1,null,null,4,5,6,7,8,9,10,11,12,13,14,15,16,null,18,null,null","0,1,2,3,4,5,6,7,8,9,10,11,12,13,14,15,16,17,18,19,20","5","6","2","6","4","7","5","5","5","5","5","5","6","6",1,1555684037,1555685579,25.7,"web","Matsudo",164055.375
"106",15,"SR4420225","Female","20-24","Full time","In a relationship","Vocational school",3,"No","No","No","No","Yes","Yes","No","No","No","No","No","No","Fixed location out of home",2700157,"Bus",10,9934.32922159793,"Under 2 million",1,1,0,0,4,4,4,"0,null,null,3","0,1,2,3","5","7","7","8","0","8","3","3","5","8","6","6","6","6",0,1552050783,1552051669,14.7666666666667,"web","Matsudo",164055.375
"107",15,"SR4810942","Female","55-59","Home maker","Married, no children","Undergraduate",2,"No","No","No","No","No","No","Yes","No","No","Yes","Shared with household","Has own bike",NA,NA,NA,NA,NA,"over 12 million",1,0,1,0,3,5,5,NA,NA,NA,NA,NA,NA,NA,NA,NA,NA,NA,NA,NA,NA,NA,NA,NA,1553584539,NA,NA,"web","Matsudo",164055.375
"108",15,"SR8190672","Female","over 65","Other","Married with children","Junior college",2,"No","No","No","No","No","No","No","Yes","No","Yes","Shared with household","Has own bike",NA,NA,NA,NA,NA,"3-4 million",30,0,5,0,10,15,15,"8,9,10,11,12,13,14","8,9,10,11,12","7","7","4","9","4","7","3","3","3","3","3","3","3","3",1,NA,NA,NA,"paper","Matsudo",164055.375
"109",15,"SR8240590","Female","over 65","Home maker","Married with children","Undergraduate",3,"No","No","No","No","No","Yes","No","Yes","No","Yes","No","No",NA,NA,NA,NA,NA,"11-12 million",7,0,10,0,0,11,11,"null,null,null,null,null,null,null,null,null,null,10","null,null,null,null,null,null,null,null,null,null,10",NA,NA,NA,NA,NA,NA,NA,NA,NA,NA,NA,NA,NA,NA,NA,1553399426,NA,NA,"web","Matsudo",164055.375
"110",15,"SR8270247","Female","over 65","Home maker","Married with children","Junior college",2,"No","No","No","No","No","No","No","Yes","No","No","Has own car","No",NA,NA,NA,NA,NA,"4-5 million",10,0,10,5,3,19,19,"1,6,7,8","0,1,2,3,6,7,8","8","9","7","9","7","4","4","5","3","3","3","5","7","2",0,NA,NA,NA,"paper","Matsudo",164055.375
"111",15,"SR8280468","Female","over 65","Home maker","Married with children","Junior High",2,"No","No","No","No","No","No","No","Yes","No","Yes","No","No",NA,2710061,"Bus",15,115.618952161555,"2-3 million",1,0,2,10,2,8,8,"3,4","3,4","5","5","4","4","6","6","4","4","4","5","3","3","6","4",0,NA,NA,NA,"paper","Matsudo",164055.375
"112",15,"SR8310843","Female","over 65","Unemployed/retired","Widowed","High school",2,"No","No","No","No","No","No","Yes","No","No","No","Has own car","Has own bike",NA,NA,NA,NA,NA,"Not disclosed",3,0,1,0,0,6,6,"0","0","4","8","5","7","5","6","4","4","0","4","0","1","4","0",0,NA,NA,NA,"paper","Matsudo",164055.375
"113",15,"SR8390696","Female","over 65","Part time","Married with children","High school",2,"No","No","No","No","No","No","No","Yes","No","Yes","No","No","Variable locations",1030007,"Walk",7,20823.6633520291,"5-6 million",15,0,0,0,10,11,11,"0,8,9,10","0,8,9,10","5","5","5","5","7","8","7","7","7","8","6","8","9","7",1,NA,NA,NA,"paper","Matsudo",164055.375
"114",16,"SR3430509","Male","20-24","Full time","Single","High school",2,"No","No","No","No","No","Yes","No","No","No","No","No","Has own bike","Fixed location out of home",2710076,NA,15,234.664907785602,"2-3 million",0,2,0,5,7,21,21,"0,1,2,3,4,5,6,7,8,9,10,11,12,13,14,15,16,17,18,19,20,21","0,2,3,4,6,7,8,10,11,13,14,15,16,17,18,19,20,21","6","3","5","10","3","3","3","6","2","2","2","2","2","2",1,NA,NA,NA,"paper","Matsudo",101281.4
"115",16,"SR3570943","Male","50-54","Full time","In a relationship","High school",1,"No","No","No","No","No","No","No","No","No","Yes","Has own car","No","Fixed location out of home",3400807,"Car",10,8355.75147636657,"6-7 million",2,0,0,0,5,7,7,"null,null,2,null,null,5,null","null,null,null,null,null,5,null","6","3","5","9","5","5","5","5","5","5","0","0","0","0",1,1552662841,1552663922,18.0166666666667,"web","Matsudo",101281.4
"116",16,"SR4190202","Male","55-59","Other","Other","Undergraduate",2,"No","No","No","No","No","No","No","No","Yes","Yes","No","Shared with household",NA,NA,NA,NA,NA,"Not disclosed",2,2,5,0,2,2,2,"0,1","0,1","8","8","8","8","5","5","5","5","5","5","5","5","5","5",0,1551694713,1551695070,5.95,"web","Matsudo",101281.4
"117",16,"SR4240243","Male","45-49","Full time","Single","Vocational school",3,"No","No","No","No","No","No","No","Yes","No","No","No","Has own bike","Fixed location out of home",1600023,"Walk",10,24244.6431422531,"4-5 million",2,4,0,0,2,12,12,"0,1,null,null,null,null,null,null,null,null,null,null","0,1,null,null,null,null,null,null,null,9,10,11","5","7","4","5","6","8","6","6","6","8","5","5","7","6",0,1552774128,1552775773,27.4166666666667,"web","Matsudo",101281.4
"118",16,"SR4440772","Male","35-39","Full time","Single","Junior High",1,"No","No","No","No","No","No","No","No","No","Yes","No","No","Fixed location out of home",0,"Walk",5,NA,"Not disclosed",0,0,0,0,3,3,3,"0,1,null","null,null,null",NA,NA,NA,NA,NA,NA,NA,NA,NA,NA,NA,NA,NA,NA,NA,1554536141,NA,NA,"web","Matsudo",101281.4
"119",16,"SR4450618","Male","30-34","Full time","Single","Undergraduate",1,"No","No","No","No","No","No","No","No","No","No","No","Has own bike","Variable locations",NA,NA,NA,NA,"2-3 million",0,1,0,0,2,2,2,"0,null","0,null","4","1","2","8","0","0","0","0","0","0","0","0","0","0",1,1553129518,1553129940,7.03333333333333,"web","Matsudo",101281.4
"120",16,"SR4510930","Male","55-59","Full time","Other","Undergraduate",3,"No","No","No","Yes","No","No","No","Yes","No","Yes","Shared with household","No","Fixed location out of home",3001281,"Car",30,33196.669979025,"4-5 million",5,3,1,10,10,3,3,"null,null,null","null,1,null","5","0","0","10","0","0","0","0","0","0","5","5","5","5",1,1551710058,1551711227,19.4833333333333,"web","Matsudo",101281.4
"121",16,"SR4560674","Male","45-49","Full time","Single","High school",1,"No","No","No","No","No","No","No","No","No","Yes","No","No","Variable locations",NA,NA,NA,NA,"5-6 million",0,0,0,0,0,2,2,"null,null","null,null","0","0","0","0","5","5","5","5","5","5","5","5","5","5",0,1555894830,1555895213,6.38333333333333,"web","Matsudo",101281.4
"122",16,"SR4580891","Male","45-49","Full time","Married with children","High school",3,"No","No","No","No","Yes","No","Yes","No","No","No","Shared with household","No","Fixed location out of home",1250031,"Bus",15,5511.93825503387,"6-7 million",5,2,0,0,0,1,1,"0","0","3","3","3","8","5","9","5","5","5","9","5","7","8","8",1,1552870718,1552871478,12.6666666666667,"web","Matsudo",101281.4
"123",16,"SR4710604","Male","50-54","Full time","Single","Undergraduate",1,"No","No","No","No","No","No","No","No","No","Yes","Has own car","Has own bike","Fixed location out of home",2702221,"Car",15,1682.81220802531,"3-4 million",0,0,0,0,0,NA,0,NA,NA,"8","8","6","6","5","8","5","9","5","8","7","8","7","8",1,1554875710,1554876232,8.7,"web","Matsudo",101281.4
"124",16,"SR4760599","Male","45-49","Full time","Married, no children","Vocational school",2,"No","No","No","No","No","Yes","No","No","No","Yes","Shared with household","No","Fixed location out of home",1620837,"Walk",10,26047.8024461452,"Not disclosed",4,0,0,0,3,8,8,"0,null,null,null,null,null,null,null","0,null,null,null,null,null,null,7","3","5","1","7","0","5","0","0","0","5","0","5","5","0",1,1552720149,1552721237,18.1333333333333,"web","Matsudo",101281.4
"125",16,"SR4770934","Male","55-59","Full time","Married with children","High school",4,"No","No","No","No","Yes","No","Yes","Yes","No","Yes","No","Has own bike","Fixed location out of home",1410031,"Walk",3,31378.3837368978,"Not disclosed",1,0,0,0,0,1,1,"0","0","5","5","4","8","6","9","3","3","1","9","2","2","5","2",1,1551916266,1551916919,10.8833333333333,"web","Matsudo",101281.4
"126",16,"SR7870464","Male","over 65","Part time","Married with children","High school",2,"No","No","No","No","No","No","No","Yes","No","Yes","Has own car","Has own bike","Fixed location out of home",1048343,"Walk",5,24156.737267489,"Not disclosed",3,0,0,7,2,4,4,"0,null,null,null","0,null,null,null","5","5","5","8","5","7","5","5","5","7","6","6","9","7",0,1553312897,NA,NA,"web","Matsudo",101281.4
"127",16,"SR7960023","Male","over 65","Unemployed/retired","Married, no children","Vocational school",2,"No","No","No","No","No","No","Yes","No","No","Yes","No","No",NA,NA,NA,NA,NA,"3-4 million",1,0,0,0,0,1,1,"0","0","7","5","5","6","5","5","5","5","5","5","3","3","5","3",1,NA,NA,NA,"paper","Matsudo",101281.4
"128",16,"SR8060847","Male","60-64","Unemployed/retired","Married, no children","High school",2,"No","No","No","No","No","No","Yes","No","No","No","Has own car","No",NA,NA,NA,NA,NA,"2-3 million",2,2,0,0,0,3,3,"0","0","3","4","3","8","5","5","2","5","3","5","1","5","7","3",0,NA,NA,NA,"paper","Matsudo",101281.4
"129",16,"SR8140557","Male","over 65","Part time","Married with children","Junior High",2,"No","No","No","No","No","No","No","Yes","No","No","Has own car","Has own bike","Variable locations",NA,NA,NA,NA,"2-3 million",2,0,0,15,0,14,14,"12","12","6","5","5","6","6","7","6","5","5","5","5","5","6","5",0,NA,NA,NA,"paper","Matsudo",101281.4
"130",16,"SR8170054","Male","60-64","Full time","Married with children","Undergraduate",3,"No","No","No","No","No","No","Yes","Yes","No","Yes","Has own car","Shared with household","Fixed location out of home",2720127,"Bus",10,15149.2219106819,"7-8 million",2,0,0,0,2,2,2,"null,null","null,null","5","5","5","7","7","7","7","7","7","6","5","5","5","4",1,1552627128,1552628560,23.8666666666667,"web","Matsudo",101281.4
"131",16,"SR8250121","Male","over 65","Other","Married with children","Undergraduate",2,"No","No","No","No","No","No","No","Yes","No","Yes","Has own car","Shared with household",NA,NA,NA,NA,NA,"5-6 million",3,4,0,0,0,6,6,"0,1,2,3,4,5","0,1,2,3,4,5","7","7","4","6","8","9","9","9","9","9","10","10","10","9",1,1551675281,1551677245,32.7333333333333,"web","Matsudo",101281.4
"132",16,"SR8320103","Male","over 65","Unemployed/retired","Married with children","Undergraduate",2,"No","No","No","No","No","No","No","Yes","No","No","Has own car","Has own bike",NA,NA,NA,NA,NA,"2-3 million",1,3,5,5,6,7,7,NA,NA,"3","4","4","3","8","8","5","5","5","5","4","4","8","4",0,NA,NA,NA,"paper","Matsudo",101281.4
"133",16,"SR8360343","Male","over 65","Unemployed/retired","Single","High school",1,"No","No","No","No","No","No","No","No","No","Yes","No","Has own bike",NA,NA,NA,NA,NA,"Not disclosed",0,3,0,0,0,3,3,NA,NA,NA,NA,NA,NA,NA,NA,NA,NA,NA,NA,NA,NA,NA,NA,0,NA,NA,NA,"paper","Matsudo",101281.4
"134",16,"SR8380535","Male","over 65","Part time","Married with children","Undergraduate",2,"No","No","No","No","No","No","Yes","No","No","Yes","Has own car","Shared with household","Fixed location out of home",1660003,"Walk",10,29233.9112807461,"7-8 million",5,5,0,0,1,5,5,"0,null,null,null,null","0,null,null,null,null","7","8","7","8","7","9","7","8","8","9","8","8","9","8",0,1555935278,1555936900,27.0333333333333,"web","Matsudo",101281.4
"135",16,"SR8400344","Male","over 65","Unemployed/retired","Married, no children","Undergraduate",2,"No","No","No","No","No","No","No","Yes","No","Yes","No","Shared with household",NA,NA,NA,NA,NA,"Under 2 million",1,0,0,0,0,3,3,"0,null,null","0,1,null","5","3","5","4","4","4","4","4","4","4","2","2","3","2",0,1554555085,1554555795,11.8333333333333,"web","Matsudo",101281.4
"136",16,"SR8470498","Male","over 65","Full time","Married with children","Junior High",2,"No","No","No","No","No","No","No","Yes","No","No","Has own car","Has own bike","Work at home",2702215,"Walk",5,312.748376235415,"Under 2 million",3,0,4,13,0,0,0,NA,NA,"8","10","9","8","7","7","7","7","7","7","7","7","7","7",0,NA,NA,NA,"paper","Matsudo",101281.4
"137",16,"SR8490885","Male","60-64","Freelance","Married with children","Vocational school",2,"No","No","No","No","No","No","Yes","No","No","No","Has own car","Shared with household","Fixed location out of home",1600023,"Bike",10,23310.7343194174,"3-4 million",1,0,0,0,0,6,6,"0,1,2,3","0,1,3","4","5","5","6","3","5","3","3","5","5","4","3","5","5",1,NA,NA,NA,"paper","Matsudo",101281.4
"138",16,"SR8560732","Male","over 65","Other","Married with children","Undergraduate",3,"No","No","No","No","No","Yes","No","Yes","No","No","Has own car","No","Work at home",2700006,"Walk",5,785.002838155189,"4-5 million",2,0,0,0,14,14,14,"0,1,2,3,6,10,13","0,1,2,10,13",NA,NA,NA,NA,"0","0","1","1","0","0","0","0","1","0",1,NA,NA,NA,"paper","Matsudo",101281.4
"139",17,"SR5010788","Female","55-59","Part time","Married with children","High school",4,"No","No","No","No","Yes","No","Yes","No","No","Yes","Shared with household","No","Fixed location out of home",1910016,"Car",5,399.907760594647,"Not disclosed",5,1,0,0,0,NA,0,NA,NA,"6","10","3","10","10","5","5","5","4","3","2","2","5","2",1,1554868339,1554869068,12.15,"web","Hino",155658.25
"140",17,"SR5220801","Female","25-29","Unemployed/retired","Single","Techical college",4,"No","No","No","No","No","Yes","Yes","Yes","No","Yes","Shared with household","No",NA,NA,NA,NA,NA,"Under 2 million",3,0,1,0,0,NA,0,NA,NA,"0","5","0","10","0","10","10","10","10","10","10","10","10","10",0,1554537548,1554537799,4.18333333333333,"web","Hino",155658.25
"141",17,"SR5410163","Female","20-24","Student","Single","Vocational school",3,"No","No","No","No","No","No","Yes","No","No","Yes","Shared with household","Has own bike",NA,1668567,"Walk",5,23075.2388161975,"Not disclosed",2,3,0,1,0,5,5,"null,1,null,null,null","null,1,null,null,null","10","10","10","10","8","8","8","8","8","8","5","5","8","5",0,1551771242,1551771862,10.3333333333333,"web","Hino",155658.25
"142",17,"SR5420069","Female","25-29","Full time","In a relationship","Graduate",4,"No","No","No","No","Yes","No","Yes","No","No","Yes","Shared with household","No","Fixed location out of home",1908666,"Walk",10,6721.07780710117,"Not disclosed",4,5,0,0,3,26,26,"0,null,null,null,null,null,null,null,null,null,null,null,null,null,null,null,null,null,null,null,null,null,null,null,null,null","null,null,null,null,null,null,null,null,null,null,null,null,12,null,null,null,null,null,null,null,null,null,null,null,null,null","8","8","6","5","0","10","8","8","8","10","6","6","9","6",0,1552216535,1552219122,43.1166666666667,"web","Hino",155658.25
"143",17,"SR5520912","Female","55-59","Part time","Married with children","High school",3,"No","No","No","No","Yes","No","No","No","No","No","No","Has own bike","Fixed location out of home",1900012,"Walk",5,3174.2215636438,"Not disclosed",4,3,3,0,6,2,2,"0,1","0,1","4","5","5","7","8","5","3","3","3","4","5","5","7","5",0,1554628700,NA,NA,"web","Hino",155658.25
"144",17,"SR5630381","Female","55-59","Full time","Other","High school",4,"No","No","No","No","Yes","No","Yes","No","No","No","No","No","Fixed location out of home",1600023,"Walk",5,24482.6346158208,"7-8 million",10,7,0,0,10,12,12,"null,null,null,null,4,5,null,null,null,null,10,11","null,null,null,null,null,null,null,null,null,null,10,11","6","7","8","7","5","8","7","7","7","8","4","4","4","2",0,1551533207,1551534807,26.6666666666667,"web","Hino",155658.25
"145",17,"SR5790356","Female","40-44","Full time","Single","Undergraduate",2,"No","No","No","No","No","No","No","Yes","No","Yes","No","Shared with household","Fixed location out of home",1828006,"Walk",5,10668.1822964526,"11-12 million",4,5,0,15,6,7,7,"0,null,null,3,4,null,null","null,null,2,3,4,5,6","6","6","6","8","7","9","7","7","7","9","7","7","9","7",0,1552721327,1552722230,15.05,"web","Hino",155658.25
"146",17,"SR5840251","Female","55-59","Full time","Married with children","Junior college",2,"No","No","No","No","No","No","No","Yes","No","Yes","Shared with household","Has own bike","Fixed location out of home",1830011,"Walk",3,11130.1607747308,"5-6 million",5,0,2,0,3,12,12,"null,null,null,3,4,null,null,null,null,9,null,null","null,null,2,3,null,null,null,7,null,null,10,null","6","8","7","7","8","8","3","3","3","8","2","2","2","2",1,1552659986,1552663625,60.65,"web","Hino",155658.25
"147",17,"SR5870187","Female","55-59","Home maker","Married with children","Vocational school",3,"No","No","No","No","Yes","No","Yes","No","No","Yes","Shared with household","Shared with household",NA,NA,NA,NA,NA,"6-7 million",5,0,4,5,0,16,16,"null,1,null,null,4,5,6,7,null,null,null,null,null,null,null,null","null,1,null,null,4,null,6,7,null,null,null,null,null,null,null,null","3","7","3","8","6","8","5","5","6","8","5","5","5","3",1,1552456974,1552459194,37,"web","Hino",155658.25
"148",17,"SR6070405","Female","25-29","Full time","In a relationship","Undergraduate",1,"No","No","No","No","No","No","No","No","No","Yes","No","Has own bike","Fixed location out of home",1910065,"Walk",15,871.43273655067,"3-4 million",4,10,0,0,0,22,22,"0,1,null,null,4,null,6,null,null,null,10,11,null,null,null,null,null,null,null,null,null,null","0,1,null,3,4,5,6,null,null,null,null,null,null,null,14,null,null,null,null,null,20,21","9","7","7","10","4","5","4","4","4","4","4","4","4","4",1,1553087775,1553089084,21.8166666666667,"web","Hino",155658.25
"149",17,"SR6150447","Female","50-54","Full time","Single","Techical college",1,"No","No","No","No","No","No","No","No","No","Yes","No","Has own bike","Fixed location out of home",1910022,"Walk",8,328.470632279871,"5-6 million",0,10,0,10,5,10,10,"null,null,null,null,null,null,null,null,8,null","null,null,null,null,null,null,null,null,null,9",NA,NA,NA,NA,NA,NA,NA,NA,NA,NA,NA,NA,NA,NA,NA,1552942631,NA,NA,"web","Hino",155658.25
"150",17,"SR7000549","Female","over 65","Unemployed/retired","Divorced","Junior college",5,"No","No","No","No","No","Yes","No","Yes","No","Yes","Has own car","No",NA,NA,NA,NA,NA,"Under 2 million",4,2,2,3,5,8,8,"0,null,2,null,null,null,6,null","0,null,2,null,null,null,6,7","7","5","4","10","7","7","5","4","4","5","2","2","5","2",0,1553351564,1553353184,27,"web","Hino",155658.25
"151",17,"SR7100245","Female","over 65","Home maker","Widowed","Vocational school",2,"No","No","No","No","No","Yes","No","No","No","No","Has own car","No",NA,NA,NA,NA,NA,"3-4 million",6,0,1,0,3,11,11,"8,9,11","1,8,9,11","7","7","8","8","6","6","6","5","5","5","5","5","6","5",1,NA,NA,NA,"paper","Hino",155658.25
"152",17,"SR7430997","Female","60-64","Unemployed/retired","Single","Vocational school",3,"No","No","No","No","No","No","No","Yes","No","Yes","Has own car","Has own bike",NA,NA,NA,NA,NA,"Under 2 million",5,0,5,15,2,8,8,"null,null,null,null,null,null,6,7","null,null,null,null,null,null,6,7","9","1","5","5","5","9","5","5","5","5","1","1","5","1",1,1553388514,1553390387,31.2166666666667,"web","Hino",155658.25
"153",17,"SR7460797","Female","over 65","Other","Widowed","High school",4,"No","No","No","No","Yes","No","Yes","No","No","Yes","Shared with household","Shared with household","Work at home",1910042,"Walk",0,1174.33253074741,"6-7 million",10,0,3,0,0,6,6,"3","3","5","5","5","4","5","7","5","7","5","7","5","5","6","4",0,NA,NA,NA,"paper","Hino",155658.25
"154",17,"SR7480674","Female","over 65","Freelance","Divorced","Undergraduate",2,"No","No","No","No","No",NA,"No","No","No","No","Has own car","Has own bike","Fixed location out of home",1510051,"Walk",12,26844.3764912074,"10-11 million",0,3,0,0,6,14,14,"0,4","0,2,4,5,6,8","8","7","8","8","5","7","3","4","5","9","5","5","5","5",1,NA,NA,NA,"paper","Hino",155658.25
"155",18,"SR5110170","Male","50-54","Full time","Single","Junior college",1,"No","No","No","No","No","No","No","No","No","No","No","No","Fixed location out of home",1920364,"Walk",3,4180.02591858875,"Not disclosed",0,10,2,0,0,NA,0,NA,NA,"5","6","3","8","3","1","0","0","0","0","0","0","0","0",1,1551712913,1551713425,8.53333333333333,"web","Hino",100378.2917
"156",18,"SR5430063","Male","40-44","Full time","Married, no children","Undergraduate",2,"No","No","No","No","No","Yes","No","No","No","Yes","No","Has own bike","Fixed location out of home",1570071,"Bike",10,21567.6167199887,"6-7 million",1,2,0,1,3,6,6,"null,null,null,null,null,null","null,null,null,null,null,null","8","8","3","8","5","7","2","3","2","5","2","2","6","2",0,1553512778,1553513786,16.8,"web","Hino",100378.2917
"157",18,"SR5730525","Male","55-59","Full time","Married with children","Undergraduate",3,"No","No","No","No","Yes","No","No","No","No","Yes","Has own car","No","Fixed location out of home",1300026,"Walk",7,37595.7271774578,"Not disclosed",4,3,0,0,4,NA,0,NA,NA,"6","6","5","6","6","7","5","6","4","6","3","3","6","3",NA,1551653849,NA,NA,"web","Hino",100378.2917
"158",18,"SR5830780","Male","55-59","Other","Single","Undergraduate",1,"No","No","No","No","No","No","No","No","No","Yes","Has own car","No",NA,NA,NA,NA,NA,"4-5 million",1,0,0,0,0,NA,0,NA,NA,"1","9","1","10","8","8","9","9","0","0","0","0","0","0",1,1552642113,1552642470,5.95,"web","Hino",100378.2917
"159",18,"SR6040006","Male","40-44","Full time","Married, no children","Undergraduate",2,"No","No","No","No","No","Yes","No","No","No","Yes","Shared with household","No","Fixed location out of home",1008929,"Walk",5,34028.9497879965,"7-8 million",1,0,0,0,0,2,2,"0,1","0,1","2","5","5","7","0","3","0","3","3","5","3","5","5","5",1,1551518558,1551519390,13.8666666666667,"web","Hino",100378.2917
"160",18,"SR6080024","Male","55-59","Full time","Married, no children","Undergraduate",4,"No","No","No","No","No","Yes","Yes","Yes","No","No","Shared with household","No","Fixed location out of home",1500002,"Bike",0,30169.489617114,"over 12 million",3,2,0,0,2,7,7,"0","0,3,4,5,6","4","4","4","7","4","4","3","3","2","2","2","2","4","2",1,NA,NA,NA,"paper","Hino",100378.2917
"161",18,"SR6170083","Male","50-54","Unemployed/retired","Divorced","High school",2,"No","No","No","No","No","No","No","Yes","No","No","No","No",NA,NA,NA,NA,NA,"Not disclosed",4,0,0,0,30,24,24,"0,1,null,3,4,null,6,7,null,null,null,null,null,null,14,null,null,null,18,19,null,null,null,null","0,1,2,3,4,5,6,7,null,null,null,null,null,null,null,null,null,null,18,19,null,null,null,null","6","6","5","7","4","6","3","3","2","4","2","2","6","2",1,1555318360,1555320960,43.3333333333333,"web","Hino",100378.2917
"162",18,"SR6180586","Male","20-24","Unemployed/retired","Single","High school",3,"No","No","No","No","No","Yes","Yes","No","No","Yes","Shared with household","Shared with household",NA,NA,NA,NA,NA,"3-4 million",1,0,0,0,0,4,4,"null,null,2,null","null,null,2,null","3","3","4","8","5","5","3","3","1","1","0","0","5","0",0,1554714175,1554714653,7.96666666666667,"web","Hino",100378.2917
"163",18,"SR6240999","Male","45-49","Full time","Single","High school",1,"No","No","No","No","No","No","No","No","No","Yes","Has own car","No","Fixed location out of home",1940215,"Car",20,8431.47822956683,"4-5 million",1,4,0,0,2,9,9,"0,1,2,null,null,null,null,null,8","0,1,2,null,null,null,null,null,8","4","4","3","8","5","5","5","5","5","5","7","7","5","9",1,1552474584,1552476064,24.6666666666667,"web","Hino",100378.2917
"164",18,"SR7050497","Male","over 65","Unemployed/retired","Married with children","Undergraduate",1,"No","No","No","No","No","No","No","No","No","No","Has own car","No",NA,NA,NA,NA,NA,"4-5 million",5,0,3,0,20,8,8,NA,NA,"5","0","3","9","1","5","2","2","1","4","1","1","5","1",1,NA,NA,NA,"paper","Hino",100378.2917
"165",18,"SR7230783","Male","60-64","Unemployed/retired","Married with children","Undergraduate",6,"No","No","No","No","Yes","Yes","Yes","Yes","No","No","Has own car","Shared with household",NA,NA,NA,NA,NA,"over 12 million",4,10,3,4,0,18,18,"0,1,3,4,11,12,13,14,15","0,1,4,11,12,13,14,15,16,17","5","5","6","7","4","7","5","8","5","5","5","5","7","4",0,NA,NA,NA,"paper","Hino",100378.2917
"166",18,"SR7260483","Male","over 65","Full time","Married with children","Undergraduate",3,"No","No","No","No","Yes","No","Yes","No","No","No","Shared with household","Has own bike","Fixed location out of home",1910065,"Bike",5,4062.94131017613,"8-9 million",8,3,0,0,1,12,12,"8,9,10,11","8,9,10,11","5","7","5","8","7","7","7","8","6","6","6","6","6","6",1,NA,NA,NA,"paper","Hino",100378.2917
"167",18,"SR7280316","Male","over 65","Other","Married with children","Junior college",2,"No","No","No","No","No","No","No","Yes","No","No","Has own car","Shared with household","Fixed location out of home",NA,"Walk",10,NA,"6-7 million",3,6,0,0,5,17,17,"1,2,16","1,2,3,15,16","8","9","8","8","5","5","5","5","4","4","3","2","3","1",1,NA,NA,NA,"paper","Hino",100378.2917
"168",18,"SR7320052","Male","over 65","Unemployed/retired","Single","High school",1,"No","No","No","No","No","No","No","No","No","Yes","No","No",NA,NA,NA,NA,NA,"2-3 million",5,0,3,0,2,10,10,"1,4,5","1,4,5","8","4","4","6","6","8","6","8","6","8","4","4","4","5",1,NA,NA,NA,"paper","Hino",100378.2917
"169",18,"SR7340887","Male","60-64","Full time","Married with children","Undergraduate",5,"No","No","No","No","Yes","No","Yes","No","No","No","Has own car","Shared with household","Fixed location out of home",1910062,NA,1,708.457129344155,"11-12 million",0,0,0,8,0,8,8,"0,1,2,3,4,5,6,7",NA,"5","5","8","5","7","6","3","3","2","6","6","10","6","10",0,NA,NA,NA,"paper","Hino",100378.2917
"170",18,"SR7350016","Male","over 65","Unemployed/retired","Married with children","Undergraduate",2,"No","No","No","No","No","No","No","Yes","No","Yes","No","No",NA,NA,NA,NA,NA,"4-5 million",8,0,0,0,4,5,5,"0,1,2","0,1,2,3,4",NA,NA,NA,NA,NA,NA,NA,NA,NA,NA,NA,NA,NA,NA,0,NA,NA,NA,"paper","Hino",100378.2917
"171",18,"SR7490239","Male","over 65","Other","Married with children","High school",2,"No","No","No","No","No","No","No","Yes","No","No","Has own car","No","Variable locations",NA,NA,NA,NA,"4-5 million",1,0,0,5,0,10,10,"5,7,8","5,7,8","5","5","5","5","6","7","3","3","3","5","0","0","3","1",0,NA,NA,NA,"paper","Hino",100378.2917
"172",18,"SR7530680","Male","over 65","Unemployed/retired","Married with children","Techical college",2,"No","No","No","No","No","No","No","Yes","No","Yes","No","No",NA,NA,NA,NA,NA,"3-4 million",4,0,3,6,2,19,19,"0,1,2","0,1,2",NA,NA,NA,NA,NA,NA,NA,NA,NA,NA,NA,NA,NA,NA,0,NA,NA,NA,"paper","Hino",100378.2917
"173",18,"SR7540037","Male","over 65","Unemployed/retired","Single","High school",1,"No","No","No","No","No","No","No","No","No","Yes","No","No",NA,NA,NA,NA,NA,"2-3 million",1,0,3,0,0,2,2,"0,1","0,1","7","10","6","5","10","10","5","5","2","5","0","0","5","2",0,NA,NA,NA,"paper","Hino",100378.2917
"174",18,"SR7590265","Male","over 65","Unemployed/retired","Married, no children","High school",2,"No","No","No","No","No","No","No","No","Yes","Yes","Has own car","Shared with household",NA,NA,NA,NA,NA,"2-3 million",5,3,5,3,0,NA,0,NA,NA,"5","9","3","5","5","8","2","2","0","0","0","0","4","1",0,1554540150,1554540678,8.8,"web","Hino",100378.2917
"175",18,"SR7600697","Male","over 65","Unemployed/retired","Married with children","Undergraduate",2,"No","No","No","No","No","No","No","Yes","No","No","Has own car","Shared with household",NA,NA,NA,NA,NA,"4-5 million",20,0,7,0,0,7,7,"0,1,2,3","0,2",NA,NA,NA,NA,NA,NA,NA,NA,NA,NA,NA,NA,NA,NA,0,NA,NA,NA,"paper","Hino",100378.2917
"176",18,"SR7610304","Male","over 65","Part time","Married with children","High school",3,"No","No","No","No","Yes","No","Yes","No","No","No","Shared with household","Has own bike","Variable locations",NA,NA,NA,NA,"2-3 million",2,0,0,0,1,4,4,"0,null,2,null","0,null,null,null","5","5","8","5","8","10","9","8","5","10","8","8","10","8",1,1553389999,NA,NA,"web","Hino",100378.2917
"177",18,"SR7630009","Male","over 65","Other","Married with children","Undergraduate",2,"No","No","No","No","No","No","No","Yes","No","No","Shared with household","Has own bike",NA,NA,NA,NA,NA,"2-3 million",3,0,5,1,3,5,5,"null,null,null,null,null","0,null,null,null,4","8","5","7","6","7","8","6","6","6","7","6","6","8","7",1,1553435248,1553437200,32.5333333333333,"web","Hino",100378.2917
"178",18,"SR7670773","Male","60-64","Unemployed/retired","Married with children","High school",4,"No","No","No","No","Yes","Yes","Yes","No","No","No","Has own car","Shared with household",NA,NA,NA,NA,NA,"Under 2 million",4,0,0,0,0,1,1,"0","0","3","6","5","7","5","5","3","3","2","3","2","2","2","2",0,NA,NA,NA,"paper","Hino",100378.2917
"179",19,"SR2660881","Female","35-39","Part time","Single","High school",2,"No","No","No","No","No","No","Yes","No","No","Yes","Shared with household","Shared with household","Fixed location out of home",3460011,"Bus",15,901.995410453177,"2-3 million",1,0,0,0,10,5,5,"0,1,null,null,null","0,1,2,3,null","2","5","5","10","5","5","5","5","5","5","5","5","5","5",0,1554035333,1554036789,24.2666666666667,"web","Kuki",139362.9091
"180",19,"SR2690519","Female","35-39","Part time","Married, no children","High school",2,"No","No","No","No","No","Yes","No","No","No","Yes","Has own car","Has own bike","Fixed location out of home",3460031,"Car",5,1298.04710478055,"Not disclosed",5,15,0,0,10,NA,0,NA,NA,"3","4","5","10","0","5","0","0","0","5","0","0","2","0",1,1552889075,1552889939,14.4,"web","Kuki",139362.9091
"181",19,"SR2780750","Female","55-59","Home maker","Married with children","High school",3,"No","No","No","No","Yes","No","Yes","No","No","Yes","Shared with household","Has own bike",NA,NA,NA,NA,NA,"7-8 million",8,0,5,0,3,9,9,NA,NA,NA,NA,NA,NA,NA,NA,NA,NA,NA,NA,NA,NA,NA,NA,NA,1551515971,NA,NA,"web","Kuki",139362.9091
"182",19,"SR2930293","Female","25-29","Student","Single","Undergraduate",3,"No","No","No","No","No","No","Yes","No","No","Yes","Shared with household","Shared with household",NA,1648530,"Walk",10,40420.3072030808,"Not disclosed",20,16,1,8,2,18,18,"null,null,null,null,null,null,null,null,null,null,null,null,null,null,14,15,16,17","null,null,null,null,null,null,null,null,null,null,null,11,12,null,14,15,16,17","5","5","5","7","5","5","5","5","5","5","5","5","5","5",0,1551706520,1551709093,42.8833333333333,"web","Kuki",139362.9091
"183",19,"SR2990040","Female","50-54","Full time","Single","Graduate",2,"No","No","No","No","No","No","Yes","No","No","Yes","Has own car","No","Fixed location out of home",3440002,"Car",40,14151.7039540733,"7-8 million",3,0,0,0,0,1,1,"0","0","2","2","8","8","5","8","2","5","2","3","0","0","5","0",1,1551662052,1551662564,8.53333333333333,"web","Kuki",139362.9091
"184",19,"SR3030858","Female","25-29","Full time","In a relationship","Undergraduate",5,"No","No","No","No","Yes","No","Yes","Yes","No","Yes","Shared with household","Shared with household","Fixed location out of home",3320017,"Car",60,31740.8878986446,"Not disclosed",10,100,10,50,30,NA,0,NA,NA,"5","6","5","8","5","5","5","5","5","5","5","5","5","5",0,1553944735,1553945187,7.53333333333333,"web","Kuki",139362.9091
"185",19,"SR8600132","Female","over 65","Home maker","Married with children","High school",6,"No","Yes","No","No","Yes","Yes","No","Yes","No","No","Shared with household","Has own bike",NA,NA,NA,NA,NA,"2-3 million",24,0,3,0,11,19,19,"11,12,13,14,15,16,17,18","11,12,13,14,15,16,17,18","5","10","8","5","9","9","5","8","5","5","5","5","5","5",0,NA,NA,NA,"paper","Kuki",139362.9091
"186",19,"SR8610697","Female","over 65","Home maker","Married with children","High school",2,"No","No","No","No","No","No","No","Yes","No","Yes","Has own car","Has own bike",NA,NA,NA,NA,NA,"3-4 million",15,3,5,28,5,23,23,"0,1,2,3,4,5,6,7,null,null,null,null,null,null,null,null,16,17,null,19,20,21,null","0,1,2,3,4,5,6,7,null,null,null,null,null,null,null,null,16,17,null,19,20,21,null","8","6","5","8","5","7","3","3","5","5","1","2","5","1",0,1553561520,1553566006,74.7666666666667,"web","Kuki",139362.9091
"187",19,"SR8710373","Female","over 65","Unemployed/retired","Married with children","Junior High",2,"No","No","No","No","No","No","No","Yes","No","Yes","No","Has own bike",NA,NA,NA,NA,NA,"Under 2 million",2,0,2,0,0,7,7,NA,NA,"10","9","8","8",NA,"8","8","9","8","9","7","7","8","8",1,NA,NA,NA,"paper","Kuki",139362.9091
"188",19,"SR8850375","Female","over 65","Home maker","Married with children","Undergraduate",2,"No","No","No","No","No","No","No","No","No","No","Shared with household","Has own bike",NA,NA,NA,NA,NA,"over 12 million",10,1,2,13,4,31,31,"6,9,10,13,14,17,20,21,22,23,25","0,1,2,3,4,5,6,7,8,9,10,11,12,13,14,15,16,17,18,19,20,21,22,23,24,25","5","5","3","7","5","5","5","5","5","5","5","5","5","5",0,NA,NA,NA,"paper","Kuki",139362.9091
"189",19,"SR9000194","Female","over 65","Home maker","Married with children","Undergraduate",1,"No","No","No","No","No","No","No","No","No","No","Has own car","Has own bike",NA,NA,NA,NA,NA,"6-7 million",12,0,10,10,0,9,9,"0,2,4","2,3,4,6","10","10","8","5","10","10","10","6","8","10","6","6","10","8",1,NA,NA,NA,"paper","Kuki",139362.9091
"190",20,"SR2730212","Male","20-24","Part time","Single","Vocational school",2,"No","No","No","No","No","No","Yes","No","No","Yes","Has own car","Has own bike","Fixed location out of home",3300802,"Walk",2,19475.2566455233,"Not disclosed",2,10,0,0,0,13,13,"0,null,null,null,null,null,null,null,null,null,null,null,null","0,1,2,3,4,5,6,7,null,null,10,null,12","3","5","2","6","4","7","3","3","2","6","6","7","8","4",1,1551619097,1551621309,36.8666666666667,"web","Kuki",133530.6364
"191",20,"SR3070909","Male","55-59","Other","Single","High school",3,"No","No","No","No","No","No","Yes","Yes","No","Yes","Has own car","Shared with household",NA,NA,NA,NA,NA,"Not disclosed",5,10,6,0,0,9,9,"0,null,null,null,null,5,null,null,8","0,null,null,null,null,5,null,null,8","6","8","8","10","3","8","0","0","0","0","0","0","9","3",0,1551534743,1551536094,22.5166666666667,"web","Kuki",133530.6364
"192",20,"SR3080587","Male","40-44","Full time","Married, no children","Vocational school",4,"No","No","No","No","No","Yes","No","Yes","No","Yes","Has own car","No","Fixed location out of home",3310802,"Car",30,13610.7298586158,"6-7 million",3,0,0,0,2,NA,0,NA,NA,"5","9","2","0","5","5","2","2","2","5","3","3","8","3",1,1551537714,1551538403,11.4833333333333,"web","Kuki",133530.6364
"193",20,"SR3120447","Male","55-59","Full time","Divorced","Junior college",1,"No","No","No","No","No","No","No","No","No","Yes","Has own car","Has own bike","Fixed location out of home",3370053,"Walk",5,17154.7451358082,"4-5 million",5,1,6,0,5,8,8,NA,NA,NA,NA,NA,NA,NA,NA,NA,NA,NA,NA,NA,NA,NA,NA,NA,1553863639,NA,NA,"web","Kuki",133530.6364
"194",20,"SR3360800","Male","50-54","Full time","Married with children","Undergraduate",1,"No","No","No","No","No","No","No","No","No","Yes","Has own car","Has own bike","Fixed location out of home",1150052,"Walk",4,31451.7014513324,"5-6 million",3,2,0,5,3,7,7,"0,null,null,null,null,null,null","0,1,null,null,null,null,6","6","3","4","6","4","5","4","5","5","5","4","4","6","5",1,1552834163,1552835476,21.8833333333333,"web","Kuki",133530.6364
"195",20,"SR3380420","Male","50-54","Full time","Single","Junior college",3,"No","No","No","No","No","No","No","Yes","No","Yes","Has own car","Shared with household","Fixed location out of home",362,"Walk",30,NA,"4-5 million",0,0,0,0,0,NA,0,NA,NA,"5","5","5","5","5","3","3","3","0","3","0","0","3","0",0,1552734450,1552734912,7.7,"web","Kuki",133530.6364
"196",20,"SR8650075","Male","over 65","Part time","Married with children","Vocational school",2,"No","No","No","No","No","No","No","No","No","No","Has own car","Has own bike","Variable locations",NA,NA,NA,NA,"2-3 million",3,0,0,2,0,3,3,NA,NA,"7","7","6","7","5","4","3","3","2","1","0","0","4","2",1,NA,NA,NA,"paper","Kuki",133530.6364
"197",20,"SR8670799","Male","60-64","Unemployed/retired","Married, no children","High school",2,"No","No","No","No","No","No","Yes","No","No","Yes","Has own car","Shared with household",NA,NA,NA,NA,NA,"Under 2 million",2,0,0,0,0,2,2,"0,null","0,null","2","1","1","2","5","5","5","2","2","4","0","0","4","1",0,1554623488,1554624276,13.1333333333333,"web","Kuki",133530.6364
"198",20,"SR8680797","Male","over 65","Other","Married with children","High school",3,"No","No","No","No","No","Yes","No","No","No","No","Has own car","Has own bike","Work at home",3400213,"Car",6,404.078163063258,"5-6 million",3,1,0,5,0,2,2,"1","1","7","8","3","5","8","7","5","5","5","6","1","1","6","5",0,NA,NA,NA,"paper","Kuki",133530.6364
"199",20,"SR8750081","Male","60-64","Full time","Married with children","Undergraduate",3,"No","No","No","No","No","Yes","No","No","No","No","Shared with household","Shared with household","Fixed location out of home",3460029,"Car",5,1940.99113279296,"8-9 million",2,0,0,0,0,7,7,"0,1,2,6","0,1,2,6","7","7","5","3","7","8","7","7","7","8","7","6","8","6",1,NA,NA,NA,"paper","Kuki",133530.6364
"200",20,"SR8860329","Male","over 65","Unemployed/retired","Married with children","Undergraduate",2,"No","No","No","No","No","No","No","Yes","No","No","Shared with household","Has own bike",NA,NA,NA,NA,NA,"3-4 million",4,0,2,1,1,9,9,"0,1,2,3,4,5","0,1,2,3,8","7","5","7","8","5","5","4","6","3","4","3","4","4","4",0,NA,NA,NA,"paper","Kuki",133530.6364
"201",21,"SR6430738","Female","20-24","Student","Single","High school",3,"No","No","No","No","No","Yes","Yes","No","No","Yes","Shared with household","No",NA,2450066,"Bus",20,36552.1979873744,"Not disclosed",2,3,0,0,2,6,6,"0,1,2,null,null,null","0,1,null,null,4,null","6","8","6","9","2","0","2","2","2","0","0","0","4","0",1,1551675401,1551676613,20.2,"web","Odawara",131550.7143
"202",21,"SR6470649","Female","50-54","Part time","Married with children","Junior college",4,"No","No","No","No","Yes","No","No","Yes","No","No","Shared with household","Has own bike","Fixed location out of home",2500872,"Car",5,1868.97386600521,"8-9 million",2,2,2,30,5,23,23,"0,1,20,22","0,1,20,21,22","6","5","7","10","6","8","4","4","4","5","3","4","5","5",1,NA,NA,NA,"paper","Odawara",131550.7143
"203",21,"SR6710552","Female","55-59","Home maker","Married, no children","Junior college",2,"No","No","No","No","No","No","Yes","No","No","Yes","Has own car","No",NA,NA,NA,NA,NA,"Under 2 million",1,0,0,20,10,7,7,"null,1,null,3,4,null,null","null,1,null,null,4,null,null","5","7","5","8","3","6","4","4","2","5","2","3","6","2",0,1551967288,1551968585,21.6166666666667,"web","Odawara",131550.7143
"204",21,"SR6730882","Female","30-34","Full time","Divorced","Junior High",4,"No","Yes","Yes","No","No","No","No","Yes","No","Yes","Shared with household","Has own bike","Fixed location out of home",2560812,"Walk",25,2466.27491362076,"3-4 million",10,5,0,0,10,3,3,"null,null,null","null,null,null","5","4","5","5","0","0","0","0","0","0","0","0","0","0",1,1554645816,1554646433,10.2833333333333,"web","Odawara",131550.7143
"205",21,"SR6790094","Female","over 65","Home maker","Married with children","High school",6,"No","No","Yes","Yes","Yes","No","No","Yes","No","Yes","Has own car","Has own bike",NA,NA,NA,NA,NA,"3-4 million",4,0,2,1,0,5,5,"0,1,2","0,1,2","5","5","3","7","7","8","7","7","6","8","5","5","8","5",1,NA,NA,NA,"paper","Odawara",131550.7143
"206",21,"SR6810234","Female","60-64","Full time","Divorced","Junior college",1,"No","No","No","No","No","No","No","No","No","No","Has own car","Has own bike","Fixed location out of home",2330013,"Walk",5,37616.1148498325,"3-4 million",1,0,0,0,1,6,6,"0,1,5","0,1,5","9","10","8","9","1","7","2","3","2","7","2","2","7","2",1,NA,NA,NA,"paper","Odawara",131550.7143
"207",21,"SR6840734","Female","over 65","Home maker","Widowed","Vocational school",2,"No","No","No","No","No","No","Yes","No","No","Yes","Has own car","Has own bike",NA,NA,NA,NA,NA,"2-3 million",5,1,1,0,4,10,10,NA,NA,NA,NA,NA,NA,NA,NA,NA,NA,NA,NA,NA,NA,NA,NA,0,NA,NA,NA,"paper","Odawara",131550.7143
"208",22,"SR6310224","Male","55-59","Full time","Married with children","Graduate",2,"No","No","No","No","No","No","Yes","No","No","Yes","Shared with household","Has own bike","Fixed location out of home",2500854,"Walk",10,418.51952786495,"10-11 million",5,4,3,3,3,7,7,"null,1,2,null,null,null,null","null,1,2,null,null,null,null","5","3","8","8","3","5","3","3","3","4","4","5","6","5",1,1552655681,1552656641,16,"web","Odawara",452616
"209",22,"SR6390198","Male","55-59","Full time","Married with children","High school",4,"No","No","No","No","Yes","No","No","No","No","No","Shared with household","Has own bike","Fixed location out of home",2591143,"Walk",30,21825.0092738634,"5-6 million",0,1,1,0,1,3,3,"0,null,null","0,null,null","4","10","7","10","7","5","5","5","4","4","3","3","5","2",1,1551779350,1551780347,16.6166666666667,"web","Odawara",452616
"210",23,"SR7740761","Female","over 65","Other","Married with children","High school",2,"No","No","No","No","No","Yes","No","No","No","No","Shared with household","Shared with household","Work at home",2291145,NA,4,NA,"4-5 million",38,0,5,20,2,8,8,"0","0","5","10","10","10","3","1","2","0","1","1","0","0","1","0",0,NA,NA,NA,"paper","Kimitsu",235668.5
"211",23,"SR7790171","Female","60-64","Full time","Married with children","Junior college",2,"No","No","No","No","No","No","Yes","No","No","No","Has own car","Shared with household","Fixed location out of home",2920826,"Car",15,2735.65941909148,"6-7 million",1,1,0,0,4,9,9,"0,1,2,3,4","0,1,2,3,4","8","10","8","8","6","7","4","5","5","5","4","4","4","6",1,NA,NA,NA,"paper","Kimitsu",235668.5
"212",24,"SR4850039","Male","50-54","Full time","Married with children","Undergraduate",3,"No","No","No","No","No","No","Yes","Yes","No","Yes","Has own car","Has own bike","Fixed location out of home",2991152,"Walk",15,16196.2852469176,"8-9 million",3,3,3,2,20,26,26,"0,1,2,3,4,5,null,null,null,null,null,null,null,null,null,15,null,null,null,null,null,null,null,null,null,null","0,1,2,3,null,null,null,null,null,null,null,null,null,null,null,null,null,null,null,null,null,null,null,null,null,null","9","10","8","10","9","9","8","10","6","8","6","6","6","6",1,1551707313,1551709960,44.1166666666667,"web","Kimitsu",73708.33333
"213",24,"SR4950921","Male","50-54","Full time","Married with children","Undergraduate",3,"No","No","No","Yes","No","Yes","No","No","No","Yes","Has own car","Has own bike","Fixed location out of home",2970024,"Walk",10,36692.9395404526,"10-11 million",2,3,0,0,0,5,5,"0,null,null,null,null","0,null,null,null,null","4","7","3","6","4","4","3","3","3","4","3","4","8","4",1,1551619090,1551620399,21.8166666666667,"web","Kimitsu",73708.33333
"214",24,"SR4960790","Male","30-34","Full time","In a relationship","High school",1,"No","No","No","No","No","No","No","No","No","Yes","Has own car","Has own bike","Fixed location out of home",2991171,"Car",12,283.465323390055,"6-7 million",0,4,2,5,3,6,6,"null,null,2,null,null,null","null,null,null,3,null,null","2","6","1","10","0","0","0","0","0","0","0","0","0","0",1,1555602255,1555603239,16.4,"web","Kimitsu",73708.33333
"215",24,"SR7770106","Male","60-64","Full time","Married with children","Vocational school",2,"No","No","No","No","No","No","Yes","No","No","No","Has own car","No","Fixed location out of home",2290297,"Car",5,NA,"4-5 million",10,10,5,10,0,22,22,"0,1,2,3,4,5,6","0,1,2,3,4,5,6","8","10","7","10","8","8","7","7","7","7","6","6","7","6",1,NA,NA,NA,"paper","Kimitsu",73708.33333
"216",24,"SR7800801","Male","over 65","Unemployed/retired","Widowed","Undergraduate",1,"No","No","No","No","No","No","No","No","No","Yes","Has own car","No",NA,NA,NA,NA,NA,"Under 2 million",0,0,0,0,1,1,1,"0","0","10","10","5","10","5","7","2","7","5","8","5","3","8","5",0,1555759530,NA,NA,"web","Kimitsu",73708.33333
"217",24,"SR7830383","Male","60-64","Full time","Married with children","High school",3,"No","No","No","No","No","No","Yes","Yes","No","Yes","Has own car","No","Fixed location out of home",2991141,"Car",50,25910.9846308492,"4-5 million",3,3,0,0,3,4,4,"null,null,null,null","null,null,null,null","8","5","5","7","7","7","7","7","7","7","7","7","7","7",1,1554103510,1554105054,25.7333333333333,"web","Kimitsu",73708.33333
